SD_front,SD_left,SD_right,SD_back,Class
1.726,0.479,2.407,0.493,1
1.752,0.490,2.388,0.493,1
1.764,0.483,2.409,0.467,1
1.739,0.483,2.409,0.505,1
1.726,0.490,2.409,0.505,1
1.725,0.473,2.409,0.468,1
1.749,0.492,2.405,0.496,1
1.732,0.480,2.383,0.512,1
0.805,0.477,2.436,0.493,2
0.809,0.496,2.415,0.525,2
0.800,0.508,2.409,0.508,2
0.806,0.489,2.423,0.541,2
0.762,0.511,2.378,0.523,2
0.822,0.514,2.360,0.552,2
0.799,0.517,2.419,0.527,2
0.834,0.516,2.382,0.512,2
0.813,0.509,1.756,0.524,2
0.801,0.516,1.810,0.524,2
0.817,0.509,1.753,0.524,2
0.889,0.522,1.777,0.537,2
0.853,0.514,1.794,0.537,2
0.850,0.499,1.773,0.511,2
0.985,0.498,1.775,0.511,1
1.322,0.504,1.818,0.511,1
1.691,0.517,1.820,0.534,1
1.677,0.509,1.806,0.503,1
1.702,0.515,1.771,0.529,1
1.713,0.516,1.801,0.546,1
1.687,0.516,1.819,0.544,1
1.700,0.516,1.762,0.506,1
1.674,0.516,1.784,0.544,1
1.712,0.516,1.822,0.519,1
1.698,0.516,1.820,0.545,1
1.694,0.515,1.802,0.522,1
1.676,0.507,1.798,0.550,1
1.670,0.500,1.789,0.529,1
1.650,0.500,2.671,0.521,1
1.661,0.499,2.683,0.552,1
1.655,0.505,1.795,0.558,1
0.641,0.512,1.783,0.538,2
1.633,0.491,1.775,0.582,1
1.611,0.505,1.767,0.577,1
1.639,0.504,1.740,0.587,1
1.592,0.497,1.750,0.581,1
1.231,0.497,1.687,0.572,1
1.232,0.511,2.616,0.621,1
1.211,0.491,2.591,0.590,1
1.228,0.491,2.642,0.633,1
1.182,0.498,2.582,0.646,1
1.213,0.505,2.598,0.654,1
1.205,0.499,2.631,0.652,1
1.516,0.506,2.583,0.636,1
1.168,0.500,2.577,0.665,1
1.522,0.507,2.596,0.648,1
1.500,0.508,3.014,0.656,1
1.477,0.509,2.989,0.651,1
1.493,0.527,2.965,0.655,1
1.483,0.526,2.960,0.667,1
1.474,0.513,2.992,0.639,1
1.451,0.505,2.989,0.654,1
1.442,0.506,2.946,0.726,1
1.432,0.521,2.918,0.696,1
1.422,0.516,2.932,0.717,1
1.400,0.532,2.965,0.738,1
1.393,0.514,2.943,0.759,1
1.409,0.523,2.937,0.756,0
1.369,0.539,2.911,0.765,0
1.372,0.533,2.943,0.786,0
1.375,0.535,2.899,0.770,0
1.350,0.538,2.929,0.781,0
1.362,0.541,2.904,0.793,0
1.348,0.552,2.894,0.820,0
1.295,0.535,2.883,0.835,0
1.304,0.554,2.833,0.825,0
1.300,0.566,2.860,0.858,0
1.283,0.571,2.809,0.649,0
1.253,0.555,2.854,0.685,0
1.222,0.582,2.802,0.923,0
1.204,0.589,2.769,0.942,0
1.198,0.588,2.755,0.961,0
1.153,0.587,2.779,0.968,0
1.171,0.608,2.765,0.975,0
1.152,0.607,2.731,1.007,0
1.095,0.600,2.737,1.051,0
1.076,0.606,2.704,1.070,0
1.071,0.620,2.668,1.051,0
1.053,0.633,2.655,1.069,0
1.048,0.647,2.680,1.103,0
1.031,0.646,2.686,1.109,0
1.025,0.653,2.655,1.126,0
0.996,0.666,2.661,1.182,0
0.953,0.652,2.630,1.199,0
0.963,0.672,2.580,1.188,2
0.958,0.686,2.586,1.193,2
0.941,0.693,2.574,1.223,2
0.886,0.678,2.581,1.257,2
0.869,0.694,2.588,1.249,2
0.880,0.682,2.558,1.302,2
0.866,0.708,2.529,1.317,2
0.844,0.690,2.525,1.313,2
0.844,0.692,2.565,1.299,2
0.872,0.693,2.563,1.317,2
0.861,0.706,2.547,1.277,2
0.873,0.685,2.589,1.303,2
0.861,0.685,2.578,1.316,2
0.876,0.684,2.591,1.290,2
0.864,0.684,2.557,1.315,2
0.875,0.684,2.523,1.290,2
0.838,0.698,2.558,1.315,2
0.875,0.697,2.544,1.306,2
0.862,0.700,2.797,0.795,2
0.857,0.691,1.467,0.793,2
0.868,0.718,1.428,0.790,2
0.842,0.715,1.428,0.784,2
0.841,0.701,2.824,0.770,2
0.853,0.680,2.803,0.843,2
0.839,0.700,2.862,0.734,2
0.825,0.695,2.804,0.727,2
0.862,0.706,1.447,0.842,2
0.840,0.758,1.421,0.778,2
0.839,0.853,1.459,0.715,2
0.842,0.806,1.458,0.746,2
0.891,0.709,1.436,0.718,2
0.884,0.836,1.436,0.699,2
0.863,0.832,1.453,0.697,2
0.862,0.831,1.422,0.685,2
0.852,0.888,1.378,0.685,2
0.830,0.827,1.428,0.722,2
0.846,0.813,1.403,0.715,2
0.866,0.821,1.401,0.674,2
0.919,0.796,1.421,0.683,2
1.632,0.801,1.422,0.665,0
1.670,0.790,1.462,0.702,0
1.645,0.806,1.445,0.676,0
1.632,0.792,1.466,0.675,0
1.657,0.790,1.449,0.663,0
1.656,0.783,1.430,0.665,0
1.655,0.783,1.464,0.692,0
1.627,0.797,1.408,0.694,0
1.625,0.785,1.470,0.710,0
1.641,0.779,1.469,0.692,0
1.605,0.780,1.475,0.714,0
1.607,0.771,1.442,0.713,0
1.009,0.765,1.429,0.739,0
1.577,0.759,1.492,0.727,0
1.585,0.753,1.479,0.743,0
1.533,0.747,1.447,0.786,0
1.550,0.748,1.472,0.790,0
1.493,0.742,1.459,0.821,0
1.503,0.734,1.465,0.814,0
1.484,0.734,1.471,0.846,0
1.476,0.714,1.481,0.890,0
1.418,0.731,1.507,0.910,0
1.435,0.724,1.532,0.892,0
1.390,0.707,1.539,0.912,0
1.394,0.700,1.566,0.933,0
0.968,0.697,1.558,0.966,2
1.341,0.679,1.547,0.974,0
1.294,0.679,1.639,1.020,0
1.285,0.665,1.613,1.052,0
1.289,0.668,1.622,1.034,0
1.258,0.650,1.649,1.079,0
1.239,0.654,1.636,1.110,0
1.208,0.627,1.667,1.128,0
1.203,0.634,1.697,1.134,0
1.173,0.628,3.173,1.163,0
1.182,0.615,3.189,1.154,0
1.166,0.602,1.704,1.170,0
1.139,0.617,2.423,1.186,0
1.097,0.604,3.246,1.226,0
1.095,0.584,2.425,1.217,0
1.103,0.582,3.197,1.234,0
1.048,0.582,3.233,1.251,0
1.028,0.569,2.475,1.256,0
0.810,0.573,2.512,1.312,2
0.788,0.567,3.260,1.331,2
0.731,0.564,3.251,1.336,2
0.697,0.548,3.255,1.355,2
0.727,0.549,3.241,1.373,2
0.696,0.543,3.304,1.389,2
0.704,0.538,3.250,1.391,2
0.899,0.538,3.276,1.412,2
0.898,0.516,3.316,1.415,2
0.900,0.532,2.505,1.413,2
0.917,0.518,3.302,1.421,2
0.904,0.518,3.264,1.396,2
0.917,0.531,2.519,1.383,2
0.904,0.517,3.262,1.383,2
0.917,0.516,3.282,1.396,2
0.904,0.529,3.301,1.423,2
0.907,0.514,3.280,1.382,2
0.944,0.527,3.299,1.407,2
0.922,0.512,3.262,1.407,2
0.934,0.526,3.300,1.419,2
0.779,0.504,3.262,1.381,2
0.805,0.524,3.301,1.406,2
0.938,0.516,3.264,1.392,2
0.924,0.521,3.265,1.392,2
0.922,0.498,1.867,1.379,2
0.905,0.497,1.869,1.417,2
0.902,0.502,2.371,1.418,2
0.917,0.501,3.312,1.392,2
0.904,0.499,1.980,1.424,2
0.903,0.504,1.979,1.409,2
0.893,0.487,2.015,1.383,2
0.934,0.485,1.996,1.139,2
0.925,0.482,1.920,1.123,2
1.543,0.501,1.824,1.156,1
1.279,0.485,1.838,1.124,1
1.266,0.497,1.923,1.116,1
1.239,0.475,2.039,1.084,1
1.250,0.481,1.892,1.097,1
1.275,0.482,1.980,1.098,1
1.275,0.475,1.891,1.111,1
1.274,0.483,1.929,1.090,1
1.275,0.483,2.001,1.093,1
1.230,0.477,2.022,1.094,1
1.225,0.492,1.954,0.617,1
1.644,0.486,1.876,0.630,1
1.273,0.502,1.896,1.044,1
1.630,0.496,1.895,1.064,1
1.256,0.491,1.934,1.072,1
1.574,0.506,1.899,0.967,1
1.605,0.507,1.896,0.959,1
1.596,0.509,1.860,0.980,1
1.551,0.497,1.895,1.002,1
1.455,0.512,1.850,0.997,1
1.599,0.514,1.634,1.005,1
1.527,0.496,1.538,1.001,1
1.552,0.519,1.624,1.022,1
1.525,0.507,1.579,1.064,1
1.537,0.503,1.581,1.082,1
1.524,0.520,1.536,1.063,1
1.514,0.516,1.526,1.097,1
1.392,0.525,1.554,1.319,1
1.374,0.514,1.496,1.303,1
1.486,0.524,1.541,0.904,0
1.498,0.520,1.539,0.916,0
1.453,0.538,1.581,0.913,0
1.443,0.548,1.485,1.327,0
1.470,0.552,1.496,1.373,0
1.458,0.549,1.476,1.376,0
1.420,0.561,1.528,1.402,0
1.430,0.560,1.673,0.979,0
1.361,0.551,1.656,1.367,0
1.332,0.579,1.471,0.985,0
1.312,0.579,1.683,0.973,0
1.352,0.592,1.582,1.031,0
1.308,0.600,1.616,1.040,0
1.297,0.586,1.681,1.083,0
1.254,0.601,1.735,1.101,0
1.235,0.615,1.690,1.520,0
1.204,0.630,1.582,1.553,0
1.182,0.617,1.673,1.589,0
1.167,0.645,1.621,1.595,0
1.171,0.653,1.610,1.002,0
1.142,0.639,1.657,1.014,0
1.133,0.661,1.613,1.061,0
1.101,0.676,1.822,1.698,0
1.082,0.669,1.861,1.718,0
1.064,0.684,1.997,1.631,0
1.071,0.684,1.667,1.639,0
1.027,0.691,2.061,1.653,0
1.034,0.699,1.749,1.621,0
0.981,0.699,2.212,1.696,0
1.250,0.720,3.070,1.649,0
1.225,0.715,3.063,1.723,0
1.213,0.736,2.289,1.672,0
1.204,0.748,2.292,1.862,0
1.205,0.722,2.407,1.647,0
1.203,0.738,2.349,1.632,0
1.550,0.730,2.358,1.320,0
1.519,0.754,2.399,1.363,0
1.473,0.746,3.050,1.810,0
1.464,0.767,3.043,1.808,0
1.128,0.774,2.248,1.827,0
1.127,0.782,2.402,1.800,0
1.079,0.768,3.003,1.803,0
1.069,0.776,2.359,1.337,0
1.098,0.790,2.431,1.367,0
1.076,0.798,2.436,1.865,0
0.719,0.798,2.387,1.897,2
0.687,0.827,2.418,1.907,2
0.671,0.820,2.062,1.949,2
0.654,0.821,2.127,1.946,2
0.639,0.839,2.480,1.981,2
0.636,0.841,2.488,2.015,2
0.599,0.831,2.916,1.449,2
0.606,0.820,2.467,1.957,2
0.601,0.804,2.445,2.006,2
1.035,0.814,2.486,1.739,0
1.036,0.814,2.485,1.751,0
1.060,0.807,2.491,1.653,0
1.060,0.814,2.494,1.765,0
1.033,0.807,2.500,1.741,0
1.057,0.821,2.447,1.644,0
1.056,0.799,2.501,1.661,0
1.030,0.813,2.479,1.652,0
1.017,0.799,2.444,1.780,0
1.016,0.806,2.501,1.746,0
1.041,0.812,2.505,1.785,0
1.013,0.798,2.448,1.748,0
1.037,0.804,2.447,1.667,0
1.045,0.818,2.446,1.688,0
1.026,0.803,2.506,1.704,0
0.991,0.816,2.500,1.680,0
0.976,0.793,2.467,2.323,0
0.963,0.795,2.492,1.733,0
0.987,0.808,2.477,1.749,0
0.960,0.793,2.524,1.730,2
0.945,0.799,2.493,2.353,2
0.929,0.806,2.484,1.834,2
0.912,0.799,2.160,2.415,2
0.909,0.819,2.892,5.064,2
0.894,0.809,2.233,5.064,2
0.856,0.791,2.859,5.038,2
0.858,0.791,2.854,1.348,2
0.844,0.803,2.592,1.336,2
0.854,0.788,2.877,1.310,2
0.830,0.794,2.841,1.334,2
0.831,0.807,2.899,1.342,2
0.831,0.793,2.843,1.328,2
0.844,0.792,2.843,1.669,2
0.856,0.806,2.862,1.316,2
0.867,0.805,2.863,1.647,2
0.868,0.786,2.902,1.663,2
0.855,0.786,2.902,5.038,2
0.842,0.789,2.864,1.248,2
0.828,0.899,2.311,1.207,2
0.866,0.897,2.305,1.236,2
0.828,0.906,2.245,1.217,2
0.865,0.813,2.279,5.076,2
0.826,0.779,2.307,5.064,2
0.863,0.794,2.253,4.377,2
0.850,0.792,2.209,0.960,2
0.862,0.783,2.184,4.349,2
0.836,0.780,2.212,0.980,2
0.852,0.764,2.884,5.064,2
1.867,0.780,2.292,0.964,0
0.887,0.408,2.287,0.959,2
0.866,0.403,2.321,0.942,2
0.862,0.415,2.306,0.971,2
0.850,0.408,2.269,0.948,2
0.837,0.400,2.292,0.960,2
0.850,0.400,2.243,0.946,2
0.824,0.392,2.250,0.970,2
0.837,0.399,2.278,0.944,2
0.837,0.412,2.268,0.953,2
0.827,0.390,2.293,0.961,2
0.827,0.404,2.214,0.939,2
0.840,0.392,2.233,0.948,2
0.830,0.792,2.240,0.948,2
0.837,0.784,2.224,0.950,2
0.850,0.877,2.695,0.937,2
1.889,0.876,2.263,0.950,0
1.873,0.405,2.271,0.887,1
1.856,0.390,2.314,0.870,1
1.893,0.391,2.334,0.895,1
1.891,0.384,2.357,0.884,1
1.865,0.391,2.719,0.885,1
1.852,0.384,2.697,0.910,1
1.862,0.384,2.220,0.910,1
1.887,0.376,2.311,0.910,1
1.849,0.383,2.286,0.872,1
1.015,0.383,2.333,0.911,1
1.862,0.397,2.314,0.901,1
1.009,0.377,2.761,0.917,1
1.838,0.398,2.340,0.885,1
1.014,0.399,2.290,0.890,1
0.969,0.389,2.234,0.936,1
0.984,0.781,2.354,0.906,0
0.964,0.780,2.776,0.944,0
0.957,0.783,2.273,0.958,0
0.952,0.765,2.251,1.001,2
0.937,0.768,2.228,0.975,2
1.779,0.417,2.243,0.952,1
2.767,0.401,2.200,0.970,1
2.133,0.401,2.238,0.978,1
2.745,0.405,2.238,0.960,1
2.720,0.427,2.238,0.994,1
2.747,0.741,2.820,0.975,0
2.737,0.717,2.169,1.021,0
2.716,0.713,2.169,1.016,0
2.709,0.731,2.197,1.031,0
2.711,0.714,2.141,1.000,0
2.699,0.703,2.171,1.046,0
2.657,0.707,2.192,1.018,0
2.647,0.703,2.203,0.981,0
1.619,0.699,2.178,0.979,0
1.609,0.702,2.118,1.016,0
1.589,0.691,2.147,1.006,0
2.593,0.680,2.179,1.023,0
1.538,0.696,2.153,1.067,0
1.530,0.685,2.172,1.072,0
1.524,0.688,2.020,1.102,0
1.493,0.565,2.086,1.082,0
1.487,0.660,2.140,1.113,0
1.484,0.663,2.091,1.135,0
1.453,0.659,2.100,1.167,0
1.434,0.669,2.841,0.666,0
1.402,0.651,2.870,0.639,0
1.408,0.661,2.149,0.690,0
1.374,0.657,2.108,0.706,0
1.359,0.632,2.152,0.718,0
1.340,0.635,2.083,0.733,0
2.314,0.624,2.289,0.727,0
2.269,0.633,2.218,0.767,0
2.287,0.636,2.279,0.757,0
2.243,0.630,2.941,0.756,0
2.210,0.626,2.220,0.801,0
2.216,0.610,2.254,0.816,0
2.183,0.600,2.222,0.844,0
2.150,0.610,2.948,0.847,0
2.169,0.613,2.227,0.849,0
2.149,0.602,2.261,0.888,0
2.130,0.591,2.255,0.904,0
2.111,0.588,2.223,0.894,0
2.066,0.577,2.248,0.922,0
2.033,0.573,1.993,0.950,0
2.014,0.583,2.280,0.965,0
1.994,0.572,2.278,0.968,0
1.974,0.568,2.250,0.957,0
1.981,0.564,2.003,0.985,0
1.974,0.574,1.949,1.013,0
1.917,0.557,1.959,1.040,0
1.936,0.560,1.913,1.043,0
1.879,0.556,1.912,1.058,0
1.874,0.538,1.930,1.059,0
0.636,0.542,1.910,1.061,2
0.629,0.552,1.931,1.114,2
0.616,0.541,1.968,1.129,2
0.625,0.531,1.946,1.118,2
0.867,0.520,1.945,1.144,2
0.842,0.517,1.929,1.131,2
0.817,0.535,1.929,1.155,2
0.837,0.525,1.946,1.160,2
0.800,0.517,1.867,1.196,2
0.821,0.524,1.810,1.168,2
0.847,0.530,1.833,1.819,2
0.838,0.531,1.852,1.168,2
0.838,0.530,1.814,1.210,2
0.809,0.516,1.835,1.205,2
0.812,0.522,1.817,1.141,2
1.553,0.521,1.876,1.146,1
1.534,0.514,1.839,1.158,1
1.559,0.527,1.841,1.157,1
1.543,0.526,1.884,1.144,1
1.573,0.519,1.986,1.154,1
1.741,0.505,1.847,1.158,1
1.531,0.526,1.843,1.133,1
1.556,0.526,1.823,1.171,1
1.557,0.505,1.947,1.161,1
1.771,0.518,1.840,1.164,1
1.741,0.517,1.979,1.180,1
1.734,0.524,1.978,1.144,1
1.752,0.523,2.074,1.175,1
1.718,0.501,2.068,1.194,1
1.721,0.521,2.078,1.177,1
0.660,0.499,2.094,1.199,2
1.712,0.498,1.793,1.208,1
1.663,0.498,1.824,1.229,1
1.665,0.512,1.814,1.239,1
1.680,0.518,1.789,1.236,1
1.632,0.497,2.034,1.245,1
1.636,0.505,1.959,1.265,1
1.640,0.504,1.948,1.234,1
1.619,0.512,1.908,1.242,1
1.611,0.505,1.944,1.276,1
1.615,0.512,1.955,1.271,1
1.580,0.506,1.956,1.266,1
1.570,0.507,1.935,1.288,1
1.560,0.500,1.949,1.314,1
1.563,0.522,1.890,1.323,1
1.381,0.502,1.923,1.308,1
1.343,0.517,1.902,1.355,1
1.335,0.504,1.881,1.326,1
1.343,0.526,1.913,1.374,1
1.348,0.506,1.911,1.360,1
1.355,0.514,1.928,1.356,1
1.312,0.515,1.887,1.403,1
1.471,0.510,1.885,1.413,1
1.474,0.525,1.921,1.385,1
1.451,0.534,1.899,1.394,1
1.441,0.521,1.856,0.665,1
1.457,0.530,1.892,1.425,0
1.447,0.539,1.851,1.459,0
1.449,0.540,1.868,1.431,0
1.438,0.528,1.865,1.454,0
1.414,0.523,1.843,0.935,0
1.413,0.533,1.858,0.946,0
1.361,0.536,1.892,0.942,0
1.347,0.533,1.887,0.982,0
1.357,0.550,1.882,0.970,0
1.352,0.548,1.858,0.999,0
1.324,0.560,1.871,1.002,0
1.280,0.565,1.847,1.057,0
1.288,0.556,1.803,1.049,0
1.270,0.575,1.834,1.066,0
1.238,0.588,1.827,1.072,0
1.207,0.594,1.782,1.128,0
1.227,0.593,1.775,1.150,0
1.183,0.599,1.806,1.171,0
1.165,0.598,1.818,0.708,0
1.159,0.598,1.792,0.726,0
1.140,0.625,1.803,1.773,0
1.121,0.618,1.735,0.737,0
1.114,0.638,1.759,1.775,0
1.057,0.638,1.725,1.795,0
1.075,0.635,1.678,1.828,0
1.018,0.656,1.665,1.839,0
1.036,0.664,1.676,0.774,0
1.017,0.658,1.667,1.877,0
0.988,0.665,1.659,1.900,0
0.943,0.679,1.666,1.388,0
0.947,0.686,1.620,1.429,2
0.903,0.699,1.631,0.799,2
0.923,0.685,1.605,0.805,2
0.904,0.698,1.636,0.774,2
0.886,0.705,1.628,0.807,2
0.869,0.704,1.641,0.813,2
0.841,0.716,1.616,0.791,2
0.832,0.731,1.576,0.806,2
0.832,0.728,1.636,0.827,2
0.821,0.727,1.600,0.809,2
0.847,0.705,1.619,0.782,2
0.835,0.726,1.638,0.795,2
0.834,0.726,1.604,0.807,2
0.808,0.718,1.585,0.783,2
0.821,0.718,1.605,0.818,2
0.808,0.724,1.606,0.786,2
0.833,0.717,1.646,1.516,2
0.833,0.716,1.628,0.814,2
0.807,0.715,1.592,0.837,2
0.808,0.707,1.650,0.826,2
0.842,0.709,1.595,0.759,2
0.802,0.718,1.596,0.790,2
0.827,0.710,1.594,0.775,2
0.813,0.715,1.615,0.768,2
0.837,0.704,1.598,0.739,2
0.836,0.710,1.641,0.764,2
0.810,0.699,1.605,0.770,2
0.834,0.713,1.607,0.765,2
0.808,0.723,1.612,0.761,2
0.807,0.709,1.616,0.716,2
0.801,0.740,1.641,0.750,2
0.834,0.817,1.658,0.719,2
0.824,0.712,1.639,0.729,2
0.823,0.820,1.679,0.700,2
0.797,0.813,1.685,0.711,2
0.810,0.817,1.654,0.709,2
0.800,0.892,5.056,0.701,2
0.803,0.733,3.345,0.701,2
0.807,0.787,3.363,0.724,2
1.618,0.776,1.674,0.696,0
1.632,0.765,1.716,0.681,0
1.620,0.731,1.736,0.705,0
1.635,0.768,1.720,0.704,0
1.649,0.767,1.701,0.693,0
1.632,0.762,1.677,0.722,0
1.612,0.758,1.688,0.716,0
1.616,0.768,1.657,0.738,0
1.617,0.760,1.705,0.711,0
1.579,0.754,1.693,0.736,0
1.590,0.734,1.679,0.763,0
1.574,0.727,1.667,0.766,0
1.558,0.727,3.373,0.795,0
1.541,0.727,3.428,0.824,0
1.486,0.706,3.439,0.816,0
1.506,0.698,1.568,0.859,0
1.463,0.698,1.586,0.865,0
1.457,0.684,3.457,0.857,0
1.426,0.683,4.126,0.914,0
1.394,0.682,3.126,0.895,0
1.387,0.678,3.161,0.914,0
1.393,0.679,3.140,0.933,0
1.362,0.671,3.134,0.978,0
1.330,0.644,3.173,0.971,0
1.301,0.637,3.193,1.003,0
1.292,0.651,3.186,1.009,0
1.262,0.645,3.206,1.029,0
1.239,0.617,3.182,1.074,0
1.219,0.621,3.185,1.094,0
1.213,0.614,3.240,1.101,0
1.218,0.594,3.181,1.133,0
1.173,0.586,3.198,1.165,0
1.167,0.596,5.056,1.184,0
1.135,0.583,3.214,1.178,0
1.104,0.590,1.244,1.221,0
1.085,0.584,3.245,1.201,0
1.080,0.564,3.280,1.232,0
1.075,0.564,3.293,1.250,0
1.031,0.558,3.248,1.293,0
1.026,0.544,1.116,1.311,0
1.021,0.553,1.135,1.317,0
0.990,0.525,1.079,1.335,0
0.729,0.525,1.096,1.353,2
0.723,0.523,1.039,1.383,2
0.696,0.503,1.025,1.376,2
0.672,0.504,1.004,1.381,2
0.658,0.507,0.965,1.436,2
0.645,0.492,0.971,1.413,2
0.645,0.496,0.984,1.425,2
0.860,0.489,3.370,1.439,2
0.863,0.492,3.345,1.436,2
0.865,0.489,3.308,1.422,2
0.864,0.474,3.327,1.448,2
0.902,0.481,3.346,1.460,2
0.902,0.473,2.762,1.435,2
0.861,0.479,3.323,1.422,2
0.572,0.472,3.310,1.422,2
0.546,0.471,3.345,1.448,2
0.584,0.492,3.364,1.448,2
0.547,0.477,3.342,1.447,2
0.547,0.484,2.753,1.462,2
0.560,0.490,3.340,1.449,2
0.585,0.482,3.340,1.461,2
0.573,0.489,2.694,1.423,2
0.564,0.481,2.736,1.422,2
0.888,0.481,2.697,1.445,2
0.888,0.473,2.735,1.444,2
0.862,0.486,3.304,1.456,2
0.888,0.470,3.369,1.456,2
0.900,0.458,3.305,1.430,2
0.901,0.481,2.764,1.418,2
0.901,0.458,0.989,1.444,2
0.868,0.470,2.752,1.447,2
0.882,0.476,2.693,1.459,2
0.906,0.453,2.751,1.447,2
0.865,0.465,2.752,1.434,2
0.903,0.469,2.715,1.458,2
0.890,0.453,2.736,1.448,2
0.890,0.464,2.738,1.451,2
0.902,0.462,2.740,1.452,2
0.905,0.460,2.704,1.440,2
0.905,0.451,1.535,1.466,2
0.894,0.457,2.729,1.446,2
0.870,0.448,2.711,0.807,2
0.878,0.438,2.750,0.819,2
0.890,0.442,1.524,0.817,2
0.901,0.439,1.515,0.830,2
0.872,0.437,1.554,0.546,2
0.872,0.420,2.719,0.499,2
0.887,0.433,2.782,0.490,2
0.886,0.431,1.597,0.495,2
0.901,0.416,1.548,0.500,2
0.901,0.429,1.698,0.502,2
0.884,0.448,1.573,0.518,2
0.878,0.419,1.482,0.470,2
0.863,0.429,1.535,0.463,2
0.849,0.434,1.519,0.497,2
0.857,0.434,1.477,0.502,2
0.847,0.430,1.559,0.492,2
0.845,0.464,1.496,0.501,2
0.848,0.465,1.505,0.484,2
0.863,0.469,1.517,0.432,2
0.981,0.430,1.492,0.426,1
0.843,0.445,1.492,0.450,2
0.855,0.446,1.473,0.422,2
0.854,0.447,1.493,0.458,2
0.841,0.472,1.533,0.445,2
0.857,0.505,1.475,0.445,2
0.879,0.497,1.478,0.431,2
0.844,0.497,1.497,0.431,2
0.844,0.520,1.512,0.417,2
0.857,0.513,1.487,0.442,2
0.847,0.498,1.522,0.431,2
0.887,0.510,1.499,0.415,2
0.890,0.978,1.481,0.436,2
3.403,0.457,1.533,0.435,1
3.387,0.465,1.474,0.433,1
3.374,0.445,1.534,0.443,1
3.387,0.456,1.477,0.406,1
3.374,0.466,1.515,0.444,1
3.387,0.456,1.496,0.406,1
3.374,0.452,1.477,0.443,1
3.387,0.445,1.496,0.405,1
3.400,0.466,1.496,0.444,1
3.411,0.461,1.516,0.432,1
2.987,0.446,1.480,0.421,1
2.975,0.458,1.482,0.451,1
3.374,0.456,1.542,0.444,1
3.393,0.477,1.545,0.437,1
3.386,0.495,1.530,0.431,1
3.340,0.490,1.516,0.452,1
3.342,0.520,1.501,0.473,1
3.358,0.795,1.544,0.456,0
3.338,0.776,1.511,0.464,0
3.344,0.771,1.535,0.486,0
3.323,0.781,1.578,0.496,0
3.327,0.766,1.582,0.506,0
3.289,0.768,1.550,0.518,0
3.272,0.755,1.594,0.532,0
3.270,0.763,1.581,0.572,0
3.241,0.764,1.550,0.550,0
3.211,0.743,1.614,0.567,0
3.212,0.754,1.564,0.611,0
3.177,0.747,1.610,0.630,0
3.134,0.730,1.593,0.673,0
1.005,0.721,1.657,0.693,0
0.979,0.721,1.607,0.712,0
3.100,0.725,1.633,0.731,0
3.078,0.709,1.640,0.764,0
3.058,0.697,1.628,0.795,0
3.004,0.673,1.654,0.776,0
2.736,0.670,1.660,0.795,0
2.706,0.654,1.705,0.840,0
2.728,0.645,1.655,0.833,0
2.924,0.650,1.662,0.852,0
2.931,0.641,1.669,0.871,0
2.633,0.647,1.694,0.890,0
2.867,0.648,1.739,0.935,0
2.626,0.619,1.727,0.953,0
2.609,0.638,1.695,0.946,0
2.557,0.620,1.702,0.991,0
2.510,0.616,1.746,1.022,0
2.543,0.616,1.734,1.028,0
2.754,0.628,1.763,1.046,0
2.735,0.612,1.729,1.039,0
2.346,0.626,1.792,1.096,0
2.300,0.639,1.761,1.102,0
2.287,0.620,1.787,1.107,0
2.669,0.604,1.813,1.150,0
2.669,0.638,1.801,1.169,0
2.637,0.594,1.789,1.175,0
2.642,0.595,1.816,1.182,0
2.585,0.600,1.823,1.187,0
2.566,0.580,1.811,1.220,0
2.585,0.588,1.800,1.239,0
2.525,0.581,1.826,1.283,0
2.533,0.568,1.833,1.290,0
2.525,0.562,1.822,1.296,0
2.484,0.554,1.829,1.301,0
2.449,0.559,1.875,1.320,0
2.471,0.545,1.883,1.339,0
2.411,0.521,1.871,1.395,0
2.392,0.538,1.860,1.414,0
2.390,0.525,1.868,1.420,1
2.393,0.501,1.933,1.439,1
2.336,0.510,1.921,1.445,1
1.979,0.498,1.929,1.463,1
1.966,0.498,1.898,1.507,1
1.942,0.490,1.962,1.499,1
2.264,0.481,1.912,1.503,1
2.248,0.501,1.975,1.531,1
2.233,0.502,1.981,1.571,1
2.219,0.499,1.930,1.585,1
2.243,0.477,1.993,1.599,1
1.954,0.535,1.998,1.599,0
1.931,0.494,2.003,1.585,1
2.207,0.498,1.950,1.609,1
2.185,0.501,2.012,1.620,1
1.915,0.487,2.016,1.643,1
1.866,0.480,2.020,1.627,1
2.142,0.498,2.024,1.674,1
2.158,0.492,2.028,1.658,1
1.892,0.478,1.994,1.680,1
1.884,0.502,2.017,1.700,1
1.868,0.594,2.040,1.684,0
1.832,0.639,2.024,1.692,0
1.815,0.557,2.047,1.701,0
1.916,0.582,2.052,1.710,0
2.090,0.612,2.037,1.732,0
2.050,3.175,2.061,1.729,3
2.077,0.535,2.013,1.765,0
2.026,0.530,2.071,1.777,1
2.026,0.515,2.018,1.788,0
2.025,1.454,2.022,1.763,3
2.022,1.467,2.064,1.777,3
1.969,1.449,2.087,1.818,3
1.991,1.435,2.034,1.820,3
1.936,1.440,2.075,1.861,3
1.920,1.441,2.010,1.878,3
1.930,1.433,1.978,1.895,3
1.913,1.445,1.949,1.874,3
1.870,1.422,2.037,1.917,3
1.867,1.437,2.070,1.908,3
1.837,1.418,2.054,1.925,3
1.833,1.423,2.067,1.983,3
1.829,1.424,2.035,1.988,3
1.813,1.422,2.039,1.976,3
1.784,1.427,2.048,1.991,3
1.712,1.421,1.884,2.044,3
1.670,1.440,1.823,2.057,3
1.693,1.446,1.857,2.032,3
1.664,1.417,1.785,2.084,3
1.661,1.429,1.747,2.097,3
1.634,1.414,1.773,2.072,3
1.611,1.420,1.900,2.085,3
1.633,1.421,1.909,2.115,3
1.515,0.735,1.705,2.153,0
1.497,0.743,1.728,2.144,0
1.447,0.743,1.654,2.143,0
1.432,0.744,1.660,2.181,0
1.494,0.757,1.655,2.193,0
1.469,0.825,1.680,2.192,0
1.424,0.882,1.607,2.235,0
1.397,2.198,1.612,2.204,3
1.400,2.211,1.634,2.188,3
1.377,2.212,1.621,2.225,3
1.339,2.238,1.550,2.691,3
1.336,2.249,1.575,2.711,3
1.326,2.244,1.523,2.323,3
1.326,2.260,1.552,2.340,3
1.316,2.282,1.541,2.345,3
1.319,2.293,1.548,2.360,3
1.278,2.302,1.480,2.395,3
1.278,2.287,1.489,3.317,3
1.262,0.889,1.499,3.340,0
1.259,2.309,1.511,3.316,3
1.209,0.909,1.466,3.332,0
1.210,2.322,1.460,2.442,3
1.221,2.329,1.436,2.415,3
1.185,0.846,1.468,2.449,0
1.195,0.848,1.446,2.422,0
1.155,0.858,1.460,2.392,0
1.128,0.846,1.455,3.425,0
1.113,0.869,1.468,3.469,0
1.098,0.850,1.444,3.478,0
1.094,0.862,1.458,2.459,0
1.102,0.857,1.398,2.457,0
1.059,0.824,1.412,2.488,0
1.050,0.826,1.427,2.528,0
1.032,0.815,1.423,2.505,0
1.024,0.814,1.419,2.550,0
0.993,0.838,1.434,2.557,0
0.947,0.834,1.411,2.595,0
0.928,0.838,1.369,2.606,2
0.946,0.849,1.365,2.600,2
0.901,0.853,1.399,2.642,2
0.869,0.854,1.376,2.665,2
0.863,0.851,1.372,2.695,2
0.858,0.856,1.388,2.688,2
0.857,0.865,1.348,2.701,2
0.830,0.859,1.387,2.717,2
0.861,0.850,1.389,2.708,2
0.824,0.846,1.371,3.734,2
0.851,0.853,1.371,3.702,2
0.825,0.838,1.352,3.736,2
0.838,0.858,1.371,3.714,2
0.824,0.844,1.391,3.698,2
0.824,0.857,1.369,3.722,2
0.862,0.850,1.369,3.722,2
0.862,0.835,1.369,3.721,2
0.837,0.855,1.389,3.718,2
0.823,0.854,1.390,3.682,2
0.832,0.832,1.391,3.720,2
0.832,0.852,1.411,3.681,2
0.831,0.851,1.412,3.680,2
0.831,0.835,1.395,3.680,2
0.843,0.841,1.397,3.718,2
0.854,0.839,1.381,3.710,2
0.832,0.842,1.383,3.696,2
0.856,0.854,1.388,3.721,2
0.844,0.866,1.409,3.685,2
0.818,0.858,1.373,3.719,2
0.817,0.853,1.390,3.690,2
0.828,0.835,1.373,3.673,2
0.810,0.837,1.393,3.714,2
0.822,0.830,1.414,3.682,2
0.808,0.843,1.435,3.718,2
0.820,0.848,1.418,3.721,2
0.844,0.898,1.440,4.897,2
0.808,0.897,1.404,0.846,2
0.846,0.891,1.391,0.872,2
0.834,0.854,1.418,0.866,2
0.830,0.841,1.449,0.825,2
0.855,0.833,1.416,0.861,2
0.826,0.830,1.458,0.827,2
0.844,0.815,1.443,0.840,2
0.818,0.823,1.468,0.827,2
0.834,0.811,1.435,0.813,2
0.815,0.787,1.426,0.825,2
0.870,0.788,1.516,0.833,2
0.869,0.785,2.018,0.805,2
0.906,0.782,1.982,0.842,2
0.946,0.789,1.473,0.817,2
1.247,0.786,1.513,0.816,0
0.944,0.766,1.436,0.803,2
1.398,0.770,1.501,0.841,0
1.401,0.782,1.526,0.816,0
1.388,0.778,1.526,0.842,0
1.387,0.757,1.525,0.843,0
1.411,0.768,1.522,0.806,0
1.419,0.778,1.498,0.845,0
1.417,0.760,1.460,0.835,0
1.391,0.770,1.461,0.848,0
1.377,0.762,1.460,0.837,0
1.418,0.765,1.514,0.812,0
1.389,0.779,1.459,0.839,0
1.405,0.772,1.497,0.839,0
1.388,0.758,1.495,0.827,0
1.371,0.782,1.453,0.856,0
1.377,0.767,1.500,0.837,0
1.381,0.766,1.453,0.859,0
1.357,0.783,1.442,0.857,0
1.357,0.746,1.411,0.870,0
1.343,0.761,1.415,0.900,0
1.342,0.748,1.381,0.928,0
1.325,0.742,1.403,0.945,0
1.283,0.732,1.350,0.925,0
1.278,0.739,1.390,0.956,0
1.247,0.726,1.637,0.974,0
1.215,0.736,1.886,1.005,0
1.222,0.715,1.877,1.024,0
1.203,0.714,1.865,1.043,0
1.196,0.702,1.894,1.062,0
1.139,0.742,1.847,1.055,0
1.020,0.688,1.874,1.109,0
0.988,0.684,1.243,1.106,0
0.976,0.668,1.166,1.113,2
0.958,0.703,1.166,1.170,2
0.916,0.661,1.143,1.165,2
0.912,0.657,1.858,1.198,2
0.907,0.646,1.832,1.204,2
0.855,0.633,1.804,1.234,2
0.868,0.642,1.837,1.237,2
0.883,0.630,1.834,1.246,2
0.956,0.620,1.801,1.232,0
0.972,0.606,1.820,1.267,0
0.998,0.620,1.784,1.253,0
0.960,0.613,1.780,1.228,0
0.971,0.606,1.833,1.243,0
0.982,0.619,1.776,1.245,0
0.992,0.604,1.816,1.271,0
0.978,0.604,1.796,1.248,0
0.989,0.604,1.830,1.263,0
0.963,0.604,1.776,1.275,0
0.962,0.603,1.795,1.239,0
0.960,0.617,1.829,1.253,0
0.972,0.616,1.809,1.267,0
0.983,0.602,1.793,1.269,0
0.981,0.601,1.811,1.245,0
0.967,0.601,1.768,1.260,0
0.965,0.601,1.789,1.275,2
0.951,0.622,1.811,1.276,2
0.937,0.600,1.792,1.251,2
0.936,0.607,1.792,1.265,2
0.973,0.613,1.773,1.291,2
0.947,0.613,1.811,1.291,2
0.972,0.619,1.773,1.266,2
0.972,0.598,1.812,1.266,2
0.948,0.611,1.813,1.266,2
0.935,0.596,1.815,1.290,2
0.935,0.602,1.781,1.278,2
0.948,0.594,1.802,1.252,2
0.936,0.613,1.845,1.289,2
0.949,0.597,1.809,1.264,2
0.937,0.596,1.809,1.192,2
0.964,0.601,1.685,1.181,2
0.977,0.593,1.812,1.293,2
0.964,0.605,1.829,1.265,2
0.963,0.590,1.793,5.038,2
0.974,0.587,1.814,5.064,2
0.936,0.584,1.835,5.051,2
0.973,0.575,1.857,1.169,2
0.935,0.573,1.805,1.164,2
0.935,0.592,1.841,1.138,2
0.935,0.583,1.862,1.162,2
0.961,0.582,2.705,1.164,2
0.947,0.566,2.246,1.142,2
0.946,0.585,1.361,5.038,2
0.970,0.575,1.374,2.584,2
0.969,0.565,2.690,1.132,2
0.968,0.555,2.692,1.150,2
0.943,0.567,2.713,1.148,2
0.943,0.552,2.696,1.160,2
0.946,0.571,2.728,1.159,2
0.946,0.556,2.690,0.632,2
0.931,0.550,2.992,0.624,2
0.952,0.551,2.937,0.644,2
0.938,0.567,2.979,0.635,2
0.936,0.552,2.996,0.608,2
0.934,0.565,2.979,0.623,2
0.920,0.561,2.943,0.632,2
0.919,0.561,2.964,0.625,2
0.945,0.560,2.966,0.642,2
0.918,0.560,3.006,0.647,2
0.921,0.555,2.970,0.598,2
0.920,0.948,3.014,0.571,2
1.390,0.934,1.366,0.598,3
1.800,0.922,1.360,0.583,3
0.945,0.749,1.306,0.589,2
0.944,0.733,1.371,0.575,2
0.943,0.723,1.349,0.563,2
0.930,0.724,1.345,0.577,2
0.917,0.734,1.328,0.576,2
0.943,0.736,1.330,0.552,2
0.930,0.735,1.369,0.551,2
0.946,0.713,1.334,0.563,2
0.933,0.726,4.810,0.587,2
0.926,0.711,1.330,0.580,2
0.965,0.710,1.314,0.567,2
0.930,0.733,1.365,0.582,2
0.969,0.752,1.367,0.578,0
1.783,0.568,1.345,0.551,0
1.789,0.569,1.346,0.575,0
1.818,0.894,1.328,0.562,0
1.828,0.901,1.366,0.551,0
1.810,0.578,1.330,0.555,0
1.780,0.897,1.332,0.585,0
1.784,0.587,1.336,0.594,0
1.760,0.605,1.342,0.566,0
1.746,0.617,1.329,0.591,0
1.012,0.869,1.392,0.617,0
1.729,0.869,1.361,0.631,0
1.052,0.847,1.407,0.658,0
1.694,0.853,1.358,0.649,0
1.692,0.838,1.405,0.690,0
0.987,0.829,1.432,0.689,0
0.952,0.821,1.403,0.689,2
0.988,0.741,1.450,0.693,0
0.943,0.815,1.401,0.711,2
0.925,0.795,1.425,0.763,2
0.928,0.779,1.414,0.755,2
0.889,0.785,1.422,0.772,2
0.863,0.776,1.471,0.788,2
0.882,0.776,1.477,0.802,2
1.524,0.745,1.464,0.823,0
0.915,0.763,1.466,0.834,2
1.514,0.756,1.504,0.806,0
1.514,0.743,1.484,0.818,0
1.512,0.756,1.447,0.807,0
1.536,0.755,1.445,0.796,0
1.535,0.755,1.486,0.835,0
1.509,0.761,1.449,0.824,0
1.533,0.760,1.506,0.838,0
1.531,0.760,1.449,0.801,0
1.530,0.760,1.449,0.828,0
0.986,0.738,1.469,0.816,0
0.985,0.752,1.508,0.842,0
0.991,0.737,1.489,0.819,0
0.951,0.750,1.452,0.821,0
0.990,0.741,1.511,0.849,0
1.513,0.738,1.513,0.830,0
1.505,0.727,1.517,0.826,0
1.469,0.722,1.464,0.874,0
1.472,0.738,1.507,0.861,0
1.457,0.725,1.475,0.889,0
1.453,0.712,1.503,0.903,0
1.424,0.705,1.491,0.931,0
1.393,0.690,1.518,0.937,0
1.390,0.690,1.548,0.942,0
0.884,0.697,1.578,0.947,2
1.323,0.690,1.617,1.004,0
1.316,0.668,1.603,1.023,0
1.286,0.653,1.593,1.016,0
1.290,0.659,1.631,1.048,0
1.282,0.651,1.631,1.054,0
1.264,0.630,1.684,1.071,0
1.231,0.622,3.165,1.102,0
1.201,0.622,1.690,1.130,0
1.197,0.623,3.217,1.122,0
1.154,0.602,3.204,1.152,0
1.150,0.616,3.192,1.168,0
1.117,0.609,3.236,1.171,0
1.103,0.589,3.242,1.201,0
0.798,0.582,3.192,1.230,2
0.792,0.591,3.237,1.223,2
1.087,0.584,3.161,1.266,0
1.069,0.581,3.232,1.273,0
0.741,0.564,3.220,1.303,2
0.764,0.551,3.246,1.295,2
0.744,0.543,3.251,1.339,2
0.728,0.546,3.238,1.340,2
0.728,0.535,3.282,1.366,2
0.758,0.518,3.290,1.373,2
0.764,0.523,3.269,1.349,2
0.975,0.522,3.269,1.359,0
0.959,0.529,3.289,1.370,0
0.983,0.514,3.308,1.359,1
0.957,0.535,3.270,1.356,1
0.969,0.534,3.311,1.361,1
0.952,0.532,3.291,1.335,2
0.824,0.515,3.276,1.366,2
0.805,0.520,3.313,1.373,2
0.962,0.511,3.261,1.392,2
0.955,0.509,3.318,1.400,2
0.913,0.500,3.263,1.407,2
0.943,0.505,3.302,1.400,2
0.940,0.511,3.323,1.389,2
0.937,0.510,3.304,1.387,2
0.937,0.516,3.267,1.412,2
0.898,0.494,1.890,1.374,2
0.934,0.507,1.887,1.413,2
0.908,0.499,1.888,1.388,2
0.932,0.506,1.873,1.389,2
0.904,0.498,1.830,1.389,2
0.890,0.491,3.326,1.389,2
0.900,0.496,3.311,1.376,2
0.927,0.502,3.295,1.392,2
0.911,0.486,2.000,1.377,2
0.925,0.505,1.981,1.415,2
0.903,0.495,2.016,1.390,2
0.889,0.493,2.019,1.137,2
0.905,0.477,2.048,1.434,2
1.545,0.482,1.901,1.126,1
1.557,0.487,1.843,1.105,1
1.265,0.478,1.890,1.103,1
1.276,0.483,1.892,1.106,1
1.262,0.468,1.837,1.077,1
1.235,0.482,1.892,1.079,1
1.260,0.475,1.835,1.080,1
1.260,0.489,1.870,1.017,1
1.273,0.482,1.838,1.042,1
1.272,0.489,1.895,1.052,1
1.234,0.475,1.851,1.042,1
1.233,0.475,1.873,1.096,1
1.258,0.469,1.851,1.082,1
1.230,0.483,1.893,1.031,1
1.268,0.477,1.893,1.045,1
1.242,0.471,1.894,1.024,1
1.609,0.480,2.011,1.056,1
1.245,0.488,1.914,1.063,1
1.597,0.489,1.934,1.070,1
1.588,0.483,1.958,0.973,1
1.617,0.477,1.941,0.978,1
1.599,0.486,1.547,0.974,1
1.630,0.495,1.533,0.983,1
1.592,0.504,1.560,1.007,1
1.556,0.500,1.551,1.004,1
1.570,0.502,1.578,0.987,1
1.553,0.505,1.569,1.040,1
1.519,0.515,1.636,1.062,1
1.540,0.510,2.065,1.253,1
1.515,0.506,2.108,1.275,1
1.545,0.502,1.632,1.255,1
1.536,0.512,1.669,0.871,1
1.501,0.529,1.643,0.865,1
1.491,0.518,2.071,0.881,1
1.467,0.521,2.075,0.650,1
1.483,0.532,2.079,0.636,0
1.445,0.536,2.083,0.606,0
1.435,0.525,2.148,0.631,0
1.412,0.536,1.700,0.618,0
1.386,0.540,1.900,0.606,0
1.403,0.539,1.861,0.627,0
1.377,0.552,1.975,0.633,0
1.349,0.573,1.854,0.623,0
1.334,0.574,1.872,0.678,0
1.356,0.589,1.920,0.688,0
1.349,0.583,1.809,0.686,0
1.336,0.605,1.800,0.692,0
1.309,0.608,1.810,0.731,0
1.322,0.602,1.890,0.700,0
1.439,0.632,2.149,0.724,0
1.429,0.621,3.170,0.725,0
1.390,0.651,1.961,0.731,0
1.418,0.660,2.855,0.743,0
1.381,0.669,2.903,0.779,0
1.384,0.665,1.952,0.774,0
1.387,0.674,1.987,0.929,0
1.378,0.677,1.969,1.696,0
1.344,0.700,1.989,1.003,0
1.588,0.710,2.950,1.699,0
1.572,0.726,1.963,1.547,0
1.541,0.718,1.927,1.060,0
1.503,0.739,1.906,1.459,0
1.511,0.749,1.965,1.575,0
1.484,0.751,1.949,1.608,0
0.992,0.754,1.966,1.643,0
0.969,0.771,1.912,1.660,0
0.949,0.777,1.971,1.593,2
0.955,0.784,1.981,1.752,2
0.901,0.770,1.981,1.649,2
0.885,0.791,1.987,1.629,2
0.870,0.799,2.134,1.734,2
0.855,0.789,2.076,1.968,2
0.869,0.799,2.082,1.974,2
0.834,0.803,2.119,2.010,2
0.846,0.802,2.143,2.030,2
0.864,0.814,2.083,0.922,2
0.876,0.821,2.040,0.957,2
0.864,0.810,1.948,0.949,2
0.851,0.816,1.964,0.939,2
0.868,0.827,1.948,0.925,2
1.296,0.812,1.949,0.919,0
1.334,0.808,1.968,0.890,0
1.316,0.845,1.985,0.913,0
1.350,0.834,1.990,0.870,0
1.467,0.839,2.980,0.871,0
1.352,0.851,2.959,0.889,0
1.312,0.847,2.993,0.906,0
1.439,0.869,2.007,0.922,0
1.441,0.822,1.990,0.912,0
1.262,0.826,1.953,0.935,0
1.427,0.855,2.012,0.914,0
1.267,0.847,1.995,0.923,0
1.224,0.864,2.016,0.961,0
1.208,0.870,1.981,0.939,0
1.176,0.888,1.983,1.001,0
1.174,0.909,1.970,0.929,0
1.183,0.920,1.992,5.051,0
1.163,0.933,2.921,5.038,0
1.135,0.938,2.507,5.051,3
1.091,0.938,2.061,1.330,3
1.088,0.949,2.447,1.650,3
1.070,0.942,2.406,1.653,3
1.078,0.933,2.422,1.665,3
1.035,0.944,2.858,1.682,3
1.032,0.973,2.819,1.340,3
0.993,1.008,2.805,5.076,3
1.003,0.952,2.332,1.442,3
0.987,0.943,2.248,1.879,3
0.959,0.945,2.792,2.394,3
0.931,0.946,2.217,1.468,2
0.917,0.934,2.082,1.626,2
0.938,0.946,2.110,1.472,2
0.914,0.945,2.372,1.631,2
0.902,0.940,2.310,1.660,2
0.866,0.942,2.704,1.664,2
0.890,0.941,2.343,1.686,2
0.866,0.943,2.354,2.487,2
0.906,0.934,2.238,1.553,2
0.894,0.955,2.046,1.524,2
0.868,0.934,2.065,1.489,2
0.906,0.934,2.103,1.482,2
0.867,0.954,2.068,1.546,2
0.908,0.953,2.066,1.490,2
0.870,0.945,2.150,1.545,2
0.878,0.924,2.072,5.038,2
0.890,0.917,2.718,5.064,2
0.862,0.934,2.452,1.752,2
0.898,0.922,2.701,1.364,2
0.885,1.035,2.500,1.508,2
0.871,0.931,2.673,1.704,2
0.882,0.917,2.726,1.522,2
0.893,0.540,2.122,5.064,2
0.893,0.530,2.104,1.136,2
0.892,0.525,2.107,1.412,2
0.894,0.509,2.229,1.488,2
0.935,0.503,2.150,1.096,2
0.937,0.543,2.370,1.091,2
0.895,0.864,2.661,1.458,2
0.856,0.874,2.701,1.115,2
0.882,0.502,2.756,1.103,2
0.885,0.492,2.106,1.075,2
0.879,0.503,2.764,1.089,2
0.883,0.494,2.680,1.058,2
0.982,0.502,2.701,1.039,1
0.968,0.836,2.683,1.043,0
0.977,0.826,2.703,1.050,0
1.765,0.823,2.702,1.038,0
1.778,0.836,2.722,1.035,0
1.750,0.822,2.684,1.037,0
1.782,0.829,2.704,1.043,0
1.764,0.834,2.728,1.101,0
1.766,0.823,2.694,1.098,0
1.758,0.826,2.718,1.080,0
1.707,0.515,2.723,1.130,1
1.718,0.510,2.175,1.091,1
1.701,0.498,2.736,1.115,1
1.655,0.518,2.324,1.169,1
1.655,0.507,2.716,1.124,1
1.663,0.531,2.662,1.143,0
1.636,0.541,2.067,1.138,0
1.621,0.756,2.653,1.146,0
1.629,0.772,1.934,1.153,0
1.620,0.746,1.912,1.148,0
2.547,0.761,2.068,1.170,0
2.507,0.734,1.993,1.192,0
2.505,0.736,1.917,1.191,0
2.476,0.604,1.753,1.203,0
2.473,0.598,2.535,1.190,0
2.469,0.607,1.727,1.241,0
2.438,0.632,1.759,1.229,0
2.448,0.631,1.740,1.230,0
2.391,0.643,1.686,1.270,0
2.386,0.670,1.721,1.292,0
2.392,0.683,1.711,1.315,0
2.373,0.675,1.703,1.305,0
2.329,0.682,1.741,1.346,0
2.335,0.668,1.736,0.749,0
2.279,0.653,2.349,0.762,0
2.273,0.662,1.743,0.797,0
2.079,0.636,2.349,1.403,0
2.024,0.626,1.845,1.394,0
2.004,0.635,2.333,0.798,0
2.009,0.611,2.055,0.859,0
1.976,0.626,2.008,1.439,0
1.939,0.614,2.045,1.422,0
1.932,0.612,2.012,1.478,0
1.137,0.599,1.992,0.913,0
1.141,0.592,2.007,1.467,0
1.093,0.572,2.006,1.522,0
1.109,0.572,2.011,1.515,0
1.046,0.580,1.996,1.555,0
1.056,0.554,2.015,1.547,0
1.021,0.562,1.993,1.569,0
1.002,0.559,1.997,1.597,0
1.009,0.548,1.985,1.602,0
0.952,0.532,1.993,1.604,0
0.948,0.535,1.988,1.001,2
0.943,0.515,2.008,1.034,2
0.900,0.529,1.971,1.037,2
0.908,0.501,1.972,1.059,2
0.865,0.502,1.943,1.082,2
0.875,0.506,1.948,1.068,2
1.592,0.486,1.911,1.090,1
1.607,0.492,1.951,1.102,1
1.608,0.473,1.954,1.075,1
1.622,0.487,1.900,1.086,1
1.583,0.473,1.940,1.060,1
1.581,0.473,1.957,1.088,1
1.606,0.472,1.916,1.101,1
1.618,0.486,1.953,1.089,1
1.592,0.479,1.896,1.098,1
1.593,0.479,1.953,1.063,1
1.618,0.493,1.931,1.076,1
1.617,0.486,1.914,1.063,1
1.605,0.493,1.952,1.076,1
1.592,0.479,1.952,1.101,1
1.578,0.478,1.895,1.089,1
1.602,0.492,1.896,1.062,1
0.543,0.476,1.944,1.077,2
0.542,0.481,1.921,1.080,2
0.540,0.472,1.877,1.085,2
0.539,0.483,1.894,1.089,2
0.560,0.480,1.933,1.093,2
0.574,0.457,2.008,1.084,2
0.548,0.476,2.030,1.126,2
0.573,0.474,2.031,1.103,2
0.824,0.452,2.031,1.089,2
0.783,0.459,2.012,1.126,2
0.810,0.459,2.032,1.125,2
0.794,0.458,1.991,1.112,2
0.807,0.472,1.841,1.123,2
0.794,0.468,1.862,1.115,2
0.793,0.446,1.843,1.580,2
0.806,0.459,1.884,1.107,2
0.803,0.447,1.870,1.089,2
0.815,0.453,1.854,1.089,2
0.803,0.446,1.868,1.076,2
0.806,0.453,3.157,1.075,2
0.817,0.459,3.158,1.101,2
0.795,0.451,1.898,1.111,2
1.545,0.443,2.178,1.069,1
1.573,0.442,1.919,1.081,1
1.809,0.440,1.864,1.067,1
1.783,0.459,1.889,1.066,1
1.808,0.438,1.873,1.092,1
1.783,0.452,1.907,1.079,1
1.809,0.438,1.888,1.092,1
1.796,0.452,1.869,1.104,1
1.796,0.445,5.094,1.104,1
1.783,0.452,1.869,1.066,1
1.796,0.452,1.926,1.104,1
1.808,0.459,1.888,1.092,1
1.808,0.445,1.923,1.079,1
1.794,0.459,1.868,1.068,1
1.765,0.452,1.868,1.109,1
1.798,0.437,1.903,1.101,1
1.766,0.444,2.119,1.093,1
1.772,0.457,2.050,1.100,1
1.737,0.436,2.051,1.107,1
1.741,0.457,2.014,1.129,1
1.718,0.436,2.022,1.112,1
1.745,0.450,1.982,1.134,1
1.696,0.443,1.994,1.157,1
1.686,0.457,2.052,1.179,1
1.701,0.451,2.033,1.167,1
1.476,0.459,2.013,1.202,1
1.692,0.440,1.981,1.174,1
1.669,0.455,1.959,1.211,1
1.633,0.449,1.790,1.208,1
1.661,0.450,1.762,1.206,1
1.399,0.452,1.754,1.253,1
1.413,0.467,1.983,1.262,1
1.392,0.455,1.999,1.271,1
1.370,0.470,1.936,1.281,1
1.388,0.472,1.933,1.279,1
1.366,0.453,1.930,1.302,1
1.370,0.455,1.945,1.287,1
1.375,0.457,1.980,1.283,1
1.328,0.473,1.920,1.293,1
1.350,0.461,1.936,1.341,1
1.525,0.463,1.933,1.325,1
1.502,0.479,1.949,1.360,1
1.517,0.488,1.962,1.358,1
1.507,0.490,1.959,1.355,1
1.497,0.492,1.918,0.827,1
1.461,0.494,1.914,0.858,1
1.476,0.496,1.930,0.838,1
1.453,0.478,1.946,0.871,1
1.443,0.501,1.942,0.880,1
1.420,0.489,1.920,0.900,1
1.436,0.485,1.898,0.884,1
1.401,0.508,1.933,0.906,1
1.404,0.489,1.873,0.889,1
1.420,0.513,1.889,0.924,1
1.372,0.508,1.886,0.948,1
1.363,0.504,1.863,0.599,1
1.379,0.521,1.860,0.620,1
1.357,0.517,1.914,0.587,1
1.347,0.520,1.911,1.508,1
1.363,0.509,1.888,0.629,1
1.329,0.534,1.903,0.596,1
1.336,0.517,1.862,0.618,0
1.324,0.534,1.899,0.667,0
1.289,0.530,1.858,0.672,0
1.284,0.527,1.874,0.636,0
1.313,0.552,1.867,0.639,0
1.277,0.536,1.865,0.674,0
1.278,0.563,1.817,0.663,0
1.238,0.569,1.851,0.656,0
1.262,0.563,1.859,0.643,0
1.222,0.577,1.815,0.653,0
1.206,0.592,1.784,0.647,0
1.215,0.584,1.794,0.667,0
1.186,0.607,1.783,0.663,0
1.140,0.620,1.811,0.659,0
1.136,0.619,1.743,0.703,0
1.143,0.631,1.789,0.687,0
1.101,0.756,1.720,0.684,0
1.108,0.661,1.715,0.732,0
1.104,0.672,1.702,0.718,0
1.050,0.709,1.648,0.753,0
1.021,0.677,1.672,0.752,0
1.001,0.703,1.622,0.801,0
1.023,0.703,1.628,0.789,0
1.007,0.718,1.594,0.759,0
0.979,0.726,1.638,0.834,0
0.951,0.758,1.626,0.810,2
0.948,0.759,1.613,0.824,2
0.944,0.759,1.560,0.814,2
0.903,0.777,1.567,0.850,2
0.874,0.789,1.574,0.837,2
0.858,0.799,1.544,0.847,2
0.858,0.801,1.553,0.855,2
0.839,0.800,1.533,0.868,2
0.878,0.813,1.497,0.878,2
0.879,0.797,1.539,0.851,2
0.879,0.811,1.499,0.875,2
0.840,0.798,1.518,0.875,2
0.865,0.805,1.499,0.839,2
0.865,0.818,1.556,0.851,2
0.851,0.819,1.522,0.867,2
0.864,0.814,1.503,5.064,2
0.838,0.805,1.501,5.076,2
0.863,0.808,1.542,0.837,2
0.874,0.815,1.523,0.923,2
0.873,0.808,1.524,0.842,2
0.847,0.816,1.566,0.865,2
0.834,0.820,1.572,0.828,2
0.871,0.830,1.552,0.861,2
0.870,0.837,1.558,0.845,2
0.835,0.834,1.539,0.832,2
0.873,0.868,1.562,0.831,2
0.873,0.846,1.560,0.843,2
0.838,0.865,1.584,0.829,2
0.868,0.834,1.518,0.823,2
0.887,0.860,1.576,0.821,2
0.863,0.850,1.540,0.819,2
0.860,0.847,1.523,0.818,2
0.859,0.842,1.526,0.829,2
0.846,0.828,1.550,0.805,2
0.849,0.826,1.597,0.800,2
0.865,0.829,1.569,0.821,2
0.840,0.812,3.056,0.806,2
0.886,0.816,2.982,0.804,2
1.528,0.803,3.040,0.789,0
1.513,0.800,3.019,0.826,0
1.518,0.818,1.634,0.824,0
1.506,0.802,1.587,0.785,0
1.543,0.808,1.663,0.786,0
1.514,0.806,1.598,0.803,0
1.508,0.791,1.610,0.808,0
1.513,0.795,1.617,0.842,0
1.514,0.783,1.588,0.814,0
1.502,0.784,1.594,0.865,0
1.476,0.792,1.562,0.867,0
1.460,0.772,1.528,0.882,0
1.418,0.758,1.512,0.898,0
1.439,0.773,1.530,0.901,0
1.410,0.766,1.526,0.943,0
1.393,0.758,3.061,0.949,0
1.361,0.730,3.065,0.941,0
1.356,0.730,3.047,0.959,0
1.338,0.737,3.089,1.004,0
1.322,0.730,3.112,1.022,0
1.300,0.702,3.103,1.028,0
1.268,0.702,3.110,1.047,0
1.248,0.695,3.083,1.079,0
1.216,0.702,3.109,1.084,0
1.211,0.674,3.137,1.090,0
1.205,0.681,3.160,1.121,0
1.199,0.681,3.154,1.140,0
1.168,0.667,3.078,1.183,0
1.150,0.667,1.202,1.189,0
1.118,0.646,1.187,1.220,0
1.098,0.653,1.202,1.214,0
1.104,0.631,1.183,1.233,0
1.048,0.638,1.168,1.264,0
1.029,0.624,3.233,1.283,0
1.036,0.603,1.149,1.313,0
0.852,0.610,3.208,1.294,2
0.798,0.603,3.233,1.351,2
0.751,0.596,1.089,1.369,2
0.766,0.581,3.254,1.375,2
0.751,0.588,3.254,1.380,2
0.721,0.567,0.982,1.397,2
0.732,0.575,0.989,1.423,2
0.899,0.567,1.273,1.438,2
0.915,0.555,3.282,1.410,2
0.891,0.572,3.271,1.433,2
0.905,0.551,3.233,1.408,2
0.930,0.547,3.253,1.408,2
0.929,0.567,3.269,1.396,2
0.917,0.545,3.232,1.396,2
0.649,0.544,3.236,1.409,2
0.659,0.543,3.247,1.409,2
0.647,0.542,3.248,1.395,2
0.929,0.555,3.287,1.408,2
0.659,0.540,2.658,1.408,2
0.648,0.540,3.224,1.407,2
0.889,0.546,2.642,1.431,2
0.888,0.552,3.260,1.393,2
0.926,0.537,3.225,1.419,2
0.902,0.551,3.274,1.393,2
0.902,0.543,3.276,1.418,2
0.890,0.549,3.247,1.391,2
0.890,0.547,3.282,1.390,2
0.904,0.539,3.283,1.390,2
0.932,0.530,2.640,1.390,2
0.922,0.543,2.648,1.403,2
0.923,0.542,2.636,1.406,2
0.923,0.527,2.634,1.419,2
0.667,0.524,2.654,1.393,2
0.919,0.535,2.617,1.409,2
0.919,0.532,2.637,1.443,2
0.919,0.537,2.674,1.437,2
0.893,0.514,2.679,1.397,2
0.934,0.519,2.643,1.424,2
0.897,0.517,1.518,1.413,2
0.934,0.508,1.553,0.633,2
0.895,0.506,2.632,1.412,2
0.907,0.503,1.505,1.469,2
0.903,0.521,1.492,0.836,2
0.902,0.497,1.486,0.857,2
0.917,0.516,1.509,0.597,2
0.928,0.507,1.526,0.585,2
0.890,0.512,1.528,0.608,2
0.916,0.497,1.519,0.561,2
0.919,0.488,1.535,0.566,2
0.891,0.487,1.551,0.591,2
0.899,0.503,1.545,0.543,2
0.897,0.511,1.514,0.539,2
0.880,0.493,1.507,0.563,2
0.916,0.485,1.509,0.553,2
0.880,0.491,1.487,0.520,2
0.892,0.483,1.509,0.571,2
0.904,0.494,1.489,0.555,2
0.877,0.500,1.535,0.531,2
5.052,0.547,1.504,0.540,0
5.065,0.609,1.502,0.535,0
5.052,0.516,1.499,0.495,1
5.077,0.503,1.481,0.509,1
0.978,0.606,1.462,0.497,0
5.077,0.603,1.503,0.498,0
5.065,0.603,1.447,0.499,0
5.052,0.596,1.466,0.499,0
5.077,0.607,1.486,0.538,0
5.052,0.510,1.509,0.530,1
5.039,0.614,1.476,0.548,0
5.052,0.600,1.484,0.544,0
0.855,0.540,1.508,0.552,2
0.883,0.543,1.498,0.562,2
0.871,0.548,1.507,0.585,2
0.836,0.567,1.556,0.559,2
0.824,0.586,1.546,0.583,2
0.816,0.592,1.536,0.592,2
0.821,0.633,1.582,0.613,2
0.804,0.799,1.567,0.617,2
0.818,1.027,1.528,0.601,2
0.835,1.026,1.584,0.599,2
0.797,0.636,1.548,0.610,2
0.835,1.018,1.560,0.584,2
0.835,0.617,1.596,0.610,2
0.823,0.621,1.538,0.600,2
0.813,1.027,1.574,0.641,2
0.826,1.008,1.533,0.596,2
0.854,0.782,1.570,0.579,2
3.215,0.616,1.549,0.604,0
3.202,0.614,1.547,0.603,0
3.216,0.630,1.548,0.601,0
3.240,0.631,1.568,0.588,0
3.201,0.625,1.531,0.614,0
3.210,0.632,1.589,0.580,0
3.216,0.645,1.593,0.625,0
3.181,0.647,1.540,0.608,0
3.170,0.661,1.565,0.606,0
3.170,0.756,1.610,0.632,0
3.143,0.756,1.599,0.633,0
3.153,0.735,1.607,0.685,0
3.149,0.720,1.616,0.701,0
3.120,0.726,1.604,0.693,0
3.102,0.711,1.613,0.697,0
3.071,0.716,1.603,0.716,0
3.039,0.701,1.632,0.772,0
3.034,0.678,1.660,0.752,0
3.041,0.683,1.669,0.796,0
3.022,0.668,1.678,0.826,0
3.005,0.659,1.707,0.805,0
2.962,0.658,1.677,0.836,0
0.873,0.650,1.687,0.854,2
0.854,0.643,1.733,0.885,2
0.835,0.628,1.723,0.902,2
0.824,0.620,1.694,0.920,2
0.824,0.620,1.702,0.937,2
2.853,0.641,1.710,0.939,0
2.838,0.631,1.736,0.941,0
2.828,0.625,1.780,0.991,0
2.808,0.623,1.747,0.974,0
2.804,0.618,1.787,0.963,0
2.834,0.626,1.767,0.962,0
2.805,0.620,1.728,1.001,0
2.841,0.641,1.766,0.965,0
2.840,0.626,1.767,0.992,0
2.800,0.618,1.749,0.967,0
2.797,0.617,1.788,0.995,0
2.805,0.629,1.790,0.987,0
2.822,0.619,1.794,1.020,0
2.811,0.619,1.802,0.992,0
2.774,0.603,1.808,1.004,0
2.785,0.594,1.792,1.017,0
2.732,0.592,1.780,1.045,0
2.743,0.585,1.825,1.048,0
2.700,0.592,1.776,1.102,0
2.721,0.570,1.822,1.094,0
2.691,0.566,1.792,1.112,0
2.660,0.570,1.819,1.154,0
2.654,0.548,1.828,1.148,0
2.622,0.541,1.856,1.180,0
2.602,0.533,1.826,1.186,0
2.608,0.546,1.892,1.206,0
2.576,0.518,1.901,1.213,0
2.543,0.524,1.891,1.270,1
2.537,0.516,1.920,1.290,1
2.517,0.501,1.872,1.271,1
2.498,0.493,1.919,1.306,1
2.467,0.484,1.909,1.336,1
2.474,0.470,1.936,1.338,1
2.432,0.484,1.907,1.355,1
2.440,0.470,1.972,1.385,1
2.413,0.457,1.979,1.374,1
2.372,0.454,1.929,1.388,1
2.396,0.445,1.974,1.415,1
2.372,0.471,1.980,1.427,1
1.858,0.453,1.948,1.425,1
1.845,0.438,1.972,1.461,1
1.820,0.467,1.996,1.470,1
1.809,0.437,2.019,1.479,1
1.814,0.417,2.005,1.474,1
1.810,0.421,2.028,1.495,1
2.295,0.433,1.975,1.476,1
2.288,0.410,1.980,1.510,1
2.306,0.422,2.040,1.504,1
2.299,0.427,1.987,1.511,1
2.270,0.421,1.991,1.505,1
2.277,0.422,1.995,1.538,1
2.270,0.414,2.037,1.557,1
2.251,0.545,2.042,1.540,0
2.269,0.466,2.065,1.547,1
2.262,0.422,2.034,1.567,1
2.242,0.407,2.019,1.575,1
2.217,0.396,2.019,1.583,1
2.208,0.399,2.023,1.565,1
2.199,0.448,2.064,1.612,1
2.214,0.461,2.067,1.609,1
2.204,0.463,2.089,1.618,1
2.155,0.493,2.035,1.616,1
2.157,0.467,2.038,1.652,1
2.133,0.422,2.078,1.637,1
2.122,0.431,2.042,1.661,1
2.149,0.461,2.083,1.646,1
2.101,0.421,2.066,1.682,1
2.090,1.427,2.106,1.706,3
2.092,1.442,2.052,1.693,3
2.105,1.426,2.092,1.718,3
2.067,1.420,2.094,1.731,3
2.054,1.440,2.076,1.731,3
2.027,1.422,2.096,1.233,3
2.038,1.425,2.115,1.746,3
2.010,1.411,2.097,1.798,3
2.020,1.417,2.059,1.308,3
1.967,1.414,2.101,1.816,3
1.989,1.427,2.061,1.818,3
1.962,1.406,2.081,1.336,3
1.934,1.402,2.063,1.321,3
1.906,1.401,2.102,1.863,3
1.891,1.401,2.065,1.891,3
1.915,1.401,2.006,1.892,3
1.876,1.408,2.041,1.920,3
1.863,1.425,2.050,1.934,3
1.851,1.424,1.988,1.947,3
1.826,1.413,1.933,1.946,3
1.732,1.451,1.926,1.958,3
1.723,1.418,1.851,1.984,3
1.784,1.414,1.889,1.997,3
1.678,1.413,1.839,2.010,3
1.638,1.421,1.864,2.010,3
1.644,0.662,1.969,2.023,0
1.472,0.642,1.771,2.023,0
1.450,0.663,1.757,2.052,0
1.421,0.673,1.740,2.086,0
1.437,0.754,1.728,2.090,0
1.451,0.764,1.754,2.112,0
1.473,0.785,1.768,2.102,0
1.437,0.784,1.730,2.140,0
1.404,0.909,1.676,2.146,0
1.356,0.941,1.697,2.173,0
1.360,0.950,1.684,2.190,3
1.356,0.964,1.651,2.182,3
1.342,2.161,1.674,2.268,3
1.340,2.160,1.660,2.247,3
1.288,2.180,1.608,2.266,3
1.312,2.206,1.579,2.231,3
1.260,2.211,1.586,2.251,3
1.247,2.225,1.612,2.264,3
1.234,2.236,1.601,2.292,3
1.260,2.254,1.594,2.344,3
1.222,2.242,1.585,2.317,3
1.223,2.262,1.576,2.363,3
1.214,2.254,1.564,2.364,3
1.202,2.277,1.498,3.336,3
1.193,2.278,1.488,3.344,3
1.182,2.289,1.537,3.396,3
1.181,2.290,1.510,3.391,3
1.143,2.298,1.464,2.433,3
1.117,2.319,1.476,3.393,3
1.113,0.826,1.450,3.430,0
1.084,0.820,1.500,3.434,0
1.085,0.804,1.456,2.424,0
1.059,0.782,1.469,2.419,0
1.047,0.785,1.464,2.428,0
1.078,0.796,1.463,2.461,0
1.027,0.803,1.458,2.458,0
1.039,0.806,1.434,2.500,0
0.998,0.796,1.409,2.543,0
1.007,0.803,1.404,2.546,0
0.973,0.807,1.437,2.512,0
0.967,0.803,1.451,2.592,0
0.947,0.814,1.424,2.611,2
0.902,0.801,1.420,2.617,2
0.895,0.812,1.416,2.633,2
0.862,0.830,1.413,2.654,2
0.880,0.823,1.429,2.699,2
0.824,0.826,1.388,2.688,2
0.825,0.838,1.426,2.704,2
0.847,0.815,1.374,2.732,2
0.825,0.828,1.414,2.707,2
0.841,0.827,1.396,2.718,2
0.817,0.820,1.377,2.694,2
0.843,0.827,1.397,2.728,2
0.854,0.812,1.397,2.688,2
0.829,0.834,1.378,2.730,2
0.842,0.833,1.436,2.697,2
0.817,0.826,1.417,3.683,2
0.830,0.827,1.380,3.669,2
0.843,0.833,1.438,3.695,2
0.819,0.822,1.438,3.694,2
0.819,0.829,1.439,3.681,2
0.819,0.828,1.439,3.705,2
0.832,0.806,1.383,3.676,2
0.832,0.805,1.399,3.662,2
0.819,0.811,1.438,3.674,2
0.847,0.824,1.438,3.661,2
0.847,0.799,1.401,3.673,2
0.845,0.819,1.421,3.686,2
0.816,0.817,1.441,3.656,2
0.841,0.798,1.443,3.696,2
0.815,0.810,1.407,3.661,2
0.827,0.816,1.390,3.709,2
0.814,0.800,1.392,3.684,2
0.817,0.796,1.433,3.683,2
0.855,0.839,1.419,3.697,2
0.853,0.812,1.441,3.658,2
0.849,0.811,1.439,3.680,2
0.836,0.796,1.441,3.653,2
0.822,0.799,1.423,3.679,2
0.845,0.802,1.406,3.682,2
0.806,0.804,1.446,3.676,2
0.831,0.890,1.411,3.657,2
0.842,0.854,1.452,3.723,2
0.845,0.851,1.473,0.811,2
0.819,0.826,1.444,0.839,2
0.806,0.811,1.453,0.832,2
0.904,0.823,1.464,0.792,2
0.854,0.881,1.472,0.805,2
0.804,0.825,1.434,0.851,2
0.830,0.822,1.497,0.783,2
0.833,0.859,1.462,0.807,2
0.836,0.802,2.041,0.801,2
0.858,0.796,1.488,0.774,2
0.903,0.775,1.494,0.785,2
0.912,0.780,1.479,0.771,2
0.909,0.791,1.520,0.770,2
0.943,0.778,1.526,0.769,0
0.952,0.768,1.467,0.781,2
1.432,0.799,1.492,0.781,0
1.436,0.772,1.561,0.768,0
1.449,0.775,1.561,0.798,0
1.449,0.757,1.520,0.806,0
1.445,0.776,1.496,0.769,0
1.418,0.768,1.516,0.796,0
1.446,0.771,1.534,0.809,0
1.430,0.757,1.532,0.799,0
1.422,0.769,1.546,0.816,0
1.430,0.760,1.500,0.803,0
1.427,0.763,1.527,0.811,0
1.405,0.750,1.483,0.812,0
1.391,0.742,2.012,0.856,0
1.358,0.760,1.984,0.872,0
1.332,0.747,1.956,0.900,0
1.352,0.734,1.434,0.893,0
1.309,0.742,1.396,0.911,0
1.290,0.741,1.982,0.917,0
1.297,0.724,1.382,0.961,0
1.241,0.724,1.364,0.953,0
1.260,0.726,1.652,0.972,0
1.240,0.739,1.631,0.991,0
1.196,0.693,1.635,1.011,0
1.176,0.697,1.862,1.068,0
1.143,0.684,1.884,1.076,0
1.161,0.682,1.224,1.083,0
0.992,0.690,1.188,1.112,0
0.976,0.658,1.848,1.146,2
0.956,0.662,1.839,1.141,2
0.939,0.670,1.832,1.185,2
0.884,0.642,1.148,1.179,2
0.881,0.629,1.110,1.223,2
0.878,0.629,1.090,1.241,2
0.865,0.649,1.787,1.231,2
0.871,0.621,1.801,1.254,2
0.874,0.600,1.803,1.228,2
0.999,0.624,1.826,1.239,0
1.000,0.620,1.808,1.225,0
1.000,0.607,1.789,1.224,0
1.000,0.621,1.789,1.225,0
0.960,0.599,1.826,1.252,0
0.983,0.619,1.844,1.242,0
0.979,0.611,1.786,1.247,0
0.984,0.602,1.780,1.278,0
0.975,0.607,1.830,1.262,2
0.926,0.597,1.787,1.261,2
0.950,0.586,1.766,1.300,2
0.898,0.597,1.757,1.314,2
0.922,0.599,1.771,1.327,2
0.885,0.574,1.792,1.326,2
0.886,0.585,1.808,1.348,2
0.863,0.575,1.801,1.373,2
0.844,0.575,1.800,1.363,2
0.882,0.578,1.765,1.350,2
0.846,0.556,1.748,1.373,2
0.847,0.570,1.806,1.350,2
0.873,0.570,1.787,1.334,2
0.860,0.555,1.750,1.360,2
0.885,0.568,1.788,1.334,2
0.874,0.560,1.789,1.363,2
0.886,0.549,0.933,1.349,2
0.862,0.563,1.776,1.374,2
0.849,0.548,1.759,1.374,2
0.863,0.555,1.779,1.362,2
0.850,0.546,0.977,1.374,2
0.851,0.562,1.639,1.363,2
0.889,0.568,1.632,1.341,2
0.888,0.568,1.789,1.367,2
0.850,0.552,1.772,5.076,2
0.887,0.564,1.792,5.064,2
0.886,0.564,1.778,1.360,2
0.874,0.544,1.786,1.343,2
0.885,0.539,1.772,1.371,2
0.860,0.536,1.828,1.350,2
0.847,0.551,1.820,1.368,2
0.846,0.536,2.558,5.064,2
0.845,0.538,2.153,5.051,2
0.870,0.543,2.508,5.076,2
0.880,0.541,2.544,5.038,2
0.868,0.523,2.530,5.064,2
0.854,0.518,2.570,5.051,2
0.867,0.519,2.553,4.803,2
0.867,0.524,2.520,4.828,2
0.882,0.518,2.547,0.629,2
0.869,0.510,2.710,0.608,2
0.850,0.554,3.026,0.590,2
0.849,0.632,3.042,0.613,2
0.860,0.556,2.990,0.645,2
0.833,0.521,3.008,0.633,2
0.870,0.513,2.972,0.587,2
0.869,0.520,2.975,0.580,2
0.830,0.888,2.978,0.626,2
0.859,0.867,2.981,0.584,2
0.845,0.849,1.394,0.562,2
0.883,0.664,1.409,0.556,2
0.859,0.651,1.407,0.526,2
0.857,0.652,1.407,0.561,2
0.869,0.649,4.938,0.526,2
0.872,0.658,1.456,0.510,2
0.850,0.543,1.427,0.511,2
0.878,0.530,1.411,0.512,2
0.867,0.552,1.428,0.513,2
0.997,0.547,1.410,0.532,0
0.983,0.797,1.411,0.527,0
1.815,0.794,1.391,0.488,0
1.803,0.799,1.434,0.500,0
1.776,0.808,1.397,0.501,0
1.800,0.808,1.435,0.516,0
1.812,0.815,1.397,0.504,0
1.772,0.814,1.455,0.518,0
1.770,0.803,1.418,0.532,0
1.803,0.801,1.458,0.524,0
1.771,0.784,1.442,0.531,0
1.761,0.780,1.426,0.515,0
1.773,0.777,1.412,0.539,0
1.721,0.778,1.436,0.578,0
1.017,0.766,1.441,0.592,0
1.003,0.760,1.447,0.583,0
0.985,0.773,1.435,0.613,0
0.951,0.767,1.442,0.617,2
0.955,0.738,1.506,0.621,2
0.943,0.731,1.494,0.665,2
1.597,0.731,1.484,0.695,0
0.910,0.731,1.490,0.712,2
0.897,0.731,1.515,0.690,2
0.941,0.725,1.502,0.705,0
0.858,0.702,1.527,0.732,2
1.548,0.717,1.509,0.744,0
1.542,0.713,1.553,0.776,0
1.553,0.713,1.536,0.738,0
1.553,0.694,1.537,0.751,0
1.513,0.711,1.496,0.766,0
1.537,0.697,1.537,0.742,0
1.535,0.689,1.520,0.744,0
1.545,0.695,1.501,0.759,0
0.903,0.711,1.538,0.786,2
1.517,0.708,1.500,0.749,0
0.900,0.694,1.561,0.764,2
1.515,0.699,1.542,0.752,0
1.527,0.712,1.542,0.790,0
1.512,0.690,1.505,0.780,0
1.535,0.685,1.525,0.793,0
1.509,0.698,1.507,0.794,0
1.507,0.698,1.545,0.796,0
1.505,0.704,1.527,0.798,0
1.491,0.700,1.565,0.775,0
1.501,0.686,1.506,0.764,0
0.939,0.702,1.566,0.805,2
0.975,0.698,1.520,0.807,2
0.959,0.686,1.512,0.800,2
1.509,0.694,1.571,0.819,0
1.490,0.691,1.536,0.813,0
1.467,0.664,1.580,0.794,0
1.473,0.661,1.586,0.826,0
1.477,0.665,1.541,0.845,0
1.456,0.669,1.551,0.816,0
1.444,0.651,1.557,0.865,0
1.418,0.647,1.545,0.853,0
1.391,0.664,1.581,0.868,0
1.375,0.639,1.615,0.870,0
1.387,0.634,1.601,0.901,0
1.344,0.630,1.644,0.906,0
1.365,0.632,1.632,0.937,0
1.322,0.635,1.634,0.981,0
1.291,0.624,1.661,0.988,0
1.286,0.627,1.648,0.995,0
1.254,0.623,1.673,1.014,0
1.236,0.618,1.694,1.047,0
1.247,0.606,1.684,1.079,0
1.203,0.609,1.667,1.074,0
1.198,0.612,1.676,1.106,0
1.167,0.586,1.697,1.113,0
1.176,0.589,1.704,1.120,0
1.174,0.585,1.710,1.165,0
1.157,0.581,1.739,1.185,0
1.143,0.577,3.206,1.178,0
1.113,0.570,1.736,1.211,0
1.095,0.580,1.769,1.231,0
1.061,0.563,1.830,1.238,0
1.040,0.567,1.761,1.258,0
1.036,0.564,1.804,1.290,0
1.006,0.555,1.786,1.322,0
0.974,0.552,1.796,1.328,0
0.971,0.550,1.747,1.361,0
0.964,0.554,1.771,1.380,2
0.947,0.552,1.779,1.401,2
0.942,0.535,1.826,1.433,2
0.900,0.547,1.828,1.415,2
0.910,0.551,1.834,1.473,2
0.895,0.527,3.232,1.453,2
0.871,0.525,1.830,1.481,2
0.855,0.522,3.235,1.511,2
0.843,0.542,1.846,1.243,2
0.858,0.542,1.843,1.247,2
0.858,0.521,1.805,1.275,2
0.883,0.521,1.824,1.279,2
0.870,0.541,1.806,1.496,2
0.857,0.534,1.863,1.508,2
0.885,0.533,1.807,1.470,2
0.874,0.540,1.839,1.499,2
0.870,0.532,2.069,1.473,2
0.873,0.517,2.040,1.483,2
0.891,0.536,2.081,1.266,2
1.151,0.520,2.037,1.237,1
1.122,0.517,3.288,1.218,1
1.134,0.530,3.308,1.248,1
0.872,0.507,3.253,1.219,2
1.538,0.526,1.867,1.243,1
1.511,0.520,1.829,1.244,1
1.111,0.506,1.886,1.233,1
1.536,0.520,2.057,1.246,1
1.523,0.513,1.830,1.221,1
1.548,0.506,1.868,1.234,1
1.510,0.513,1.849,1.208,1
1.547,0.506,1.887,1.208,1
1.522,0.519,1.884,1.208,1
1.522,0.505,1.849,1.222,1
1.545,0.513,1.834,1.236,1
1.518,0.527,1.850,1.229,1
1.527,0.527,1.871,1.220,1
1.523,0.513,1.869,1.220,1
1.491,0.514,1.833,1.252,1
1.484,0.508,1.870,1.181,1
1.514,0.515,1.891,1.203,1
1.464,0.510,1.893,0.625,1
1.456,0.511,1.895,0.651,1
1.451,0.534,1.840,0.657,1
1.481,0.521,1.864,0.616,1
1.458,0.523,1.905,0.622,0
1.450,0.517,2.027,1.082,0
1.429,0.532,1.918,1.132,0
1.421,0.520,1.939,1.170,0
1.440,0.529,1.944,1.171,0
1.392,0.525,1.961,1.170,0
1.419,0.543,1.906,1.188,0
1.369,0.554,1.782,1.408,0
1.357,0.559,1.734,1.386,0
1.357,0.557,1.791,1.195,0
1.332,0.549,1.770,0.975,0
1.345,0.554,1.826,0.991,0
1.332,0.560,1.810,1.035,0
1.291,0.566,1.885,1.030,0
1.285,0.593,1.846,1.079,0
1.269,0.599,1.959,1.088,0
1.238,0.605,1.997,1.119,0
1.231,0.597,2.096,1.588,0
1.199,0.596,3.173,1.608,0
1.218,0.603,3.186,1.602,0
1.199,0.609,3.219,1.647,0
1.166,0.636,3.214,1.626,0
1.124,0.642,3.170,1.687,0
1.142,0.648,3.165,1.692,0
1.110,0.640,3.140,1.712,0
1.103,0.639,3.154,1.735,0
1.060,0.659,3.187,1.753,0
1.066,0.671,3.143,1.746,0
1.036,0.652,3.157,1.765,0
0.991,0.651,3.152,1.784,0
0.999,0.661,3.146,1.842,0
0.918,0.664,3.103,1.849,2
0.909,0.660,3.154,1.336,2
0.887,0.678,3.130,1.875,2
0.868,0.669,3.143,1.908,2
0.833,0.673,3.119,1.665,2
0.815,0.681,3.115,1.933,2
0.801,0.701,3.092,1.350,2
0.833,0.678,3.093,1.776,2
0.834,0.679,3.113,0.823,2
0.812,0.692,3.077,0.809,2
0.838,0.670,3.131,1.749,2
0.838,0.684,3.093,1.675,2
0.837,0.669,3.094,1.740,2
0.815,0.669,3.094,1.701,2
0.828,0.668,3.133,1.675,2
0.844,0.675,2.433,0.803,2
0.822,0.667,2.418,0.814,2
1.500,0.666,2.434,0.787,0
1.500,0.680,2.323,0.802,0
1.514,0.678,2.324,0.780,0
1.101,0.671,2.227,0.777,0
1.112,0.678,2.224,0.800,0
1.086,0.665,2.225,0.816,0
1.097,0.680,2.209,0.820,0
1.070,0.682,2.346,1.973,0
1.088,0.685,2.369,1.706,0
1.070,0.683,2.329,1.063,0
1.051,0.702,2.337,0.788,0
1.079,0.694,2.363,1.077,0
1.037,0.694,3.111,1.091,0
1.066,0.705,2.369,2.067,0
1.058,0.727,3.077,2.082,0
0.703,0.729,3.085,2.075,2
0.706,0.737,3.039,1.130,2
0.684,0.745,3.012,1.597,2
0.641,0.751,3.061,2.158,2
0.625,0.766,3.034,2.155,2
0.608,0.777,3.027,2.157,2
0.610,0.757,3.039,1.654,2
0.625,0.781,2.980,1.629,2
0.609,0.765,3.038,1.620,2
0.584,0.763,3.003,1.154,2
0.626,0.762,3.004,5.064,2
0.602,0.769,3.024,1.160,2
0.615,0.769,2.985,1.148,2
0.601,0.766,2.986,1.142,2
0.630,0.761,3.006,5.038,2
1.063,0.767,3.007,1.495,0
1.089,0.759,3.045,5.076,0
1.067,0.759,3.046,5.076,0
1.066,0.751,3.008,1.755,0
1.088,0.752,2.989,1.755,0
1.054,0.752,3.044,1.755,0
1.086,0.760,2.986,1.769,0
1.082,0.775,3.002,1.770,0
1.054,0.763,2.979,1.783,0
1.067,0.777,2.993,5.064,0
1.053,0.756,2.967,5.038,0
1.016,0.779,3.016,1.465,0
1.028,0.766,2.970,1.461,0
1.020,0.762,2.942,1.467,0
1.025,0.782,2.932,0.896,0
1.013,0.772,2.960,0.918,0
0.938,0.769,2.969,0.934,2
0.919,0.755,2.940,0.970,2
0.899,0.768,2.948,5.038,2
0.908,0.773,2.881,0.968,2
0.852,0.768,2.872,5.051,2
0.864,0.787,2.862,1.205,2
0.852,0.773,2.892,0.967,2
0.829,0.876,2.867,0.971,2
0.826,0.874,2.867,0.970,2
0.827,0.891,2.907,0.951,2
0.853,0.877,2.867,0.962,2
0.828,0.890,2.852,0.961,2
0.828,0.876,2.849,0.936,2
0.853,0.789,2.888,0.960,2
0.828,0.791,2.869,0.950,2
0.840,0.769,2.908,0.923,2
0.814,0.780,2.219,5.076,2
0.852,0.772,2.200,5.038,2
0.852,0.764,2.201,4.364,2
0.826,0.781,2.256,4.334,2
0.826,0.779,2.238,4.364,2
0.826,0.770,2.204,0.963,2
0.838,0.751,2.900,0.922,2
0.853,0.773,2.210,0.937,2
0.815,0.764,2.891,0.923,2
0.851,0.773,2.703,0.916,2
0.851,0.413,2.696,0.914,2
0.814,0.390,2.219,0.923,2
0.840,0.380,2.274,0.921,2
0.840,0.396,2.257,0.923,2
0.843,0.383,2.768,0.893,2
0.858,0.388,2.933,0.901,2
0.823,0.769,2.702,0.911,2
0.881,0.752,2.756,0.881,2
1.891,0.798,2.719,0.892,0
1.885,0.376,2.739,0.890,1
1.894,0.383,2.737,0.876,1
1.871,0.374,2.275,0.863,1
1.858,0.360,2.252,0.901,1
1.895,0.361,2.274,0.864,1
1.870,0.368,2.239,0.902,1
1.883,0.382,2.236,0.890,1
1.870,0.382,2.236,0.903,1
1.857,0.361,2.293,0.878,1
1.856,0.361,2.293,0.865,1
1.856,0.375,2.236,0.903,1
1.870,0.368,2.274,0.878,1
1.894,0.374,2.274,0.865,1
1.868,0.374,2.274,0.892,1
1.865,0.381,2.273,0.868,1
1.848,0.375,2.253,0.899,1
1.002,0.368,2.233,0.903,1
0.993,0.379,2.249,0.897,1
0.967,0.376,2.718,0.930,1
0.998,0.774,2.775,0.916,0
0.979,0.774,2.744,0.909,0
0.945,0.768,2.268,0.918,0
0.944,0.754,2.262,0.907,0
2.828,0.757,2.219,0.910,0
2.804,0.375,2.250,0.944,1
2.765,0.375,2.226,0.964,1
2.763,0.381,2.243,0.962,1
2.735,0.408,2.218,0.985,1
2.719,0.414,2.764,0.971,1
2.704,0.725,2.807,0.969,0
2.729,0.707,2.790,1.017,0
2.677,0.710,2.202,1.024,0
2.665,0.707,2.201,1.009,0
2.655,0.710,2.234,1.018,0
2.668,0.699,2.825,1.045,0
2.668,0.498,2.830,0.969,1
2.640,0.691,2.204,0.983,0
2.632,0.700,2.839,1.023,0
2.593,0.675,2.163,1.010,0
2.559,0.586,2.849,1.051,0
1.570,0.688,2.123,1.066,0
1.515,0.574,2.861,1.083,0
1.520,0.591,2.177,1.061,0
1.498,0.654,2.166,1.105,0
2.504,0.657,2.099,1.096,0
1.480,0.646,2.111,1.144,0
1.999,0.641,2.847,1.149,0
1.441,0.658,2.120,1.179,0
1.410,0.654,2.894,0.648,0
1.389,0.650,2.915,0.646,0
1.371,0.631,2.878,0.670,0
1.326,0.641,2.870,0.682,0
1.337,0.622,2.910,0.722,0
1.305,0.617,2.199,0.715,0
1.300,0.620,2.916,0.746,0
1.268,0.622,2.929,0.731,0
1.249,0.617,2.892,0.772,0
1.247,0.606,2.912,0.760,0
1.200,0.584,2.948,0.812,0
1.221,0.581,2.879,0.815,0
1.203,0.578,2.264,0.829,0
1.185,0.580,2.270,0.855,0
1.155,0.576,2.253,0.858,0
1.127,0.579,2.872,0.884,0
1.093,0.567,2.842,0.899,0
1.079,0.556,2.827,0.875,0
0.644,0.551,2.838,0.889,2
0.652,0.561,1.987,0.929,2
0.656,0.549,1.982,0.918,2
0.642,0.558,1.943,0.958,2
0.625,0.553,1.942,0.959,2
0.608,0.542,2.001,0.973,2
1.937,0.537,2.043,0.967,0
1.949,0.521,1.987,1.004,0
1.952,0.528,2.003,0.963,0
1.939,0.535,1.966,0.989,0
1.963,0.528,1.987,0.977,0
1.947,0.534,2.005,0.968,0
1.928,0.540,2.040,0.986,0
1.931,0.518,2.039,1.018,0
1.933,0.522,2.022,1.001,0
1.907,0.513,2.772,0.999,1
1.892,0.531,1.985,1.010,1
1.902,0.521,1.993,1.048,1
1.886,0.511,1.992,1.073,1
1.858,0.522,1.969,1.060,1
0.895,0.505,1.968,1.059,2
0.855,0.516,1.971,1.096,2
0.840,0.513,1.951,1.080,2
0.843,0.497,1.905,1.090,2
0.820,0.509,1.840,1.139,2
0.794,0.499,1.861,1.809,2
0.799,0.504,1.814,1.135,2
0.811,0.486,1.810,1.121,2
0.786,0.488,1.870,1.164,2
0.814,0.488,1.815,1.156,2
0.788,0.502,1.874,1.152,2
0.814,0.480,1.856,1.123,2
0.829,0.487,1.818,1.136,2
0.830,0.494,1.822,1.122,2
0.808,0.486,1.820,1.134,2
1.571,0.486,1.879,1.120,1
1.530,0.485,1.884,1.132,1
1.553,0.491,1.829,1.143,1
1.568,0.483,1.872,1.129,1
1.570,0.483,1.894,1.117,1
1.566,0.490,1.874,1.105,1
1.544,0.490,1.835,1.115,1
1.787,0.483,1.889,1.128,1
1.547,0.476,1.874,1.131,1
1.569,0.497,1.851,1.118,1
1.544,0.483,1.855,1.131,1
1.557,0.476,1.835,1.102,1
1.544,0.490,1.854,1.131,1
1.560,0.497,1.892,1.105,1
1.786,0.490,1.854,1.102,1
1.786,0.497,1.835,1.141,1
1.533,0.476,1.857,1.102,1
1.747,0.483,2.054,1.119,1
1.759,0.497,2.075,1.129,1
1.784,0.490,1.838,1.116,1
1.759,0.490,2.122,1.129,1
1.746,0.490,2.086,1.104,1
1.782,0.497,2.093,1.118,1
1.741,0.496,1.891,1.107,1
1.736,0.474,1.868,1.111,1
1.755,0.487,1.860,1.129,1
1.722,0.486,1.873,1.135,1
1.739,0.479,1.847,1.155,1
1.704,0.485,1.820,1.150,1
1.720,0.471,1.792,1.184,1
1.697,0.477,1.867,1.167,1
1.701,0.483,2.027,1.188,1
1.691,0.476,2.033,1.171,1
1.693,0.476,1.991,1.218,1
1.658,0.477,1.978,1.227,1
1.673,0.484,1.973,1.211,1
1.663,0.485,1.746,1.208,1
1.652,0.479,1.752,1.244,1
1.630,0.472,1.720,1.230,1
1.621,0.487,1.772,1.252,1
1.624,0.481,1.710,1.248,1
1.576,0.474,1.943,1.257,1
1.368,0.489,1.941,1.281,1
1.369,0.484,1.938,1.303,1
1.364,0.499,1.898,1.299,1
1.381,0.500,1.892,1.296,1
1.361,0.495,1.928,1.305,1
1.342,0.503,1.925,1.341,1
1.359,0.505,1.941,1.351,1
1.325,0.493,1.881,1.335,1
1.499,0.488,1.917,1.383,1
1.474,0.497,1.876,1.356,1
1.501,0.499,1.888,1.405,1
1.452,0.501,1.885,1.390,1
1.483,0.517,1.866,1.424,1
1.436,0.505,1.880,1.408,1
1.439,0.513,1.915,1.443,1
1.452,0.508,1.913,0.897,1
1.418,0.510,1.910,0.927,1
1.421,0.526,1.888,0.935,1
1.411,0.528,1.904,0.642,1
1.413,0.530,1.883,0.912,1
1.391,0.511,1.842,0.657,1
1.381,0.528,1.857,0.957,1
1.371,0.530,1.835,0.953,0
1.361,0.540,1.889,0.975,0
1.364,0.535,1.886,0.974,0
1.355,0.538,1.883,0.996,0
1.332,0.527,1.822,1.010,0
1.307,0.538,1.875,0.996,0
1.318,0.543,1.812,0.621,0
1.291,0.555,1.807,0.648,0
1.287,0.561,1.857,0.653,0
1.271,0.560,1.832,0.632,0
1.243,0.566,1.787,0.651,0
1.200,0.573,1.779,0.664,0
1.182,0.587,1.828,0.677,0
1.177,0.595,1.801,0.661,0
1.183,0.609,1.812,1.729,0
1.164,0.603,1.746,1.759,0
1.133,0.611,1.737,1.768,0
1.088,0.622,1.785,1.248,0
1.098,0.640,1.738,1.239,0
1.053,0.651,1.729,0.739,0
1.072,0.652,1.758,1.303,0
1.053,0.647,1.692,0.736,0
1.022,0.663,1.739,1.324,0
1.013,0.680,1.691,0.807,0
0.956,0.696,1.660,1.390,0
0.938,0.691,1.706,1.372,2
0.933,0.693,1.680,1.392,2
0.928,0.717,1.629,1.438,2
0.885,0.718,1.635,0.829,2
0.868,0.720,1.647,0.853,2
0.851,0.749,1.657,0.811,2
0.862,0.751,1.588,1.496,2
0.828,0.756,1.602,0.847,2
0.837,0.746,1.602,0.860,2
0.847,0.757,1.582,0.821,2
0.860,0.742,1.584,0.831,2
0.835,0.762,1.602,0.830,2
0.835,0.766,1.640,0.830,2
0.847,0.759,1.602,0.818,2
0.846,0.758,1.583,0.826,2
0.846,0.751,1.640,0.813,2
0.819,0.757,1.584,0.797,2
0.817,0.753,1.585,0.782,2
0.854,0.746,1.606,0.779,2
0.853,0.759,1.592,0.815,2
0.815,0.737,1.594,0.800,2
0.814,0.761,1.654,4.811,2
0.814,0.753,1.656,0.778,2
0.851,0.753,1.620,0.761,2
0.842,0.774,1.644,0.755,2
0.832,1.183,1.628,0.777,2
0.830,0.759,1.670,0.758,2
0.842,1.163,1.634,0.742,2
0.815,0.748,1.656,0.766,2
0.853,0.825,1.662,0.738,2
0.840,0.887,1.656,0.750,2
0.820,0.793,1.697,0.770,2
0.833,0.858,2.987,0.730,2
0.876,0.800,1.711,0.728,2
1.620,0.787,1.691,0.752,0
1.633,0.792,1.728,0.751,0
1.609,0.774,1.712,0.750,0
1.609,0.772,1.676,0.761,0
0.843,0.789,1.674,0.762,2
0.863,0.781,1.692,0.741,2
0.852,0.793,1.679,0.761,2
0.845,0.775,1.653,0.743,2
1.595,0.763,1.690,0.750,0
1.574,0.773,1.649,0.784,0
1.554,0.755,1.635,0.791,0
1.574,0.772,1.675,0.810,0
1.567,0.765,1.646,0.805,0
1.532,0.761,1.657,0.813,0
1.522,0.743,1.650,0.823,0
1.548,0.753,1.629,0.822,0
1.534,0.741,1.613,0.823,0
1.495,0.735,2.967,0.851,0
1.478,0.731,2.935,0.892,0
1.490,0.732,2.964,0.897,0
1.448,0.740,2.298,0.888,0
1.430,0.730,2.927,0.919,0
1.412,0.703,2.956,0.962,0
1.390,0.718,2.982,0.955,0
1.385,0.688,1.471,0.999,0
1.366,0.692,3.029,0.979,0
1.362,0.690,2.980,1.012,0
1.330,0.691,3.035,1.031,0
1.297,0.675,1.403,1.076,0
1.302,0.662,1.361,1.083,0
1.283,0.660,1.348,1.114,0
1.251,0.647,1.344,1.096,0
1.219,0.638,3.164,1.141,0
1.199,0.645,3.115,1.160,0
1.180,0.639,3.148,1.192,0
1.174,0.618,1.285,1.173,0
1.126,0.619,3.186,1.191,0
1.145,0.627,1.190,1.209,0
1.102,0.607,1.187,1.266,0
1.108,0.601,1.169,1.259,0
1.065,0.608,1.170,1.302,0
1.060,0.602,1.113,1.295,0
0.785,0.589,1.152,1.300,2
0.756,0.576,1.099,1.319,2
0.747,0.569,1.057,1.364,2
0.705,0.582,1.097,1.369,2
0.733,0.575,1.060,1.400,2
0.963,0.566,1.047,1.417,2
0.935,0.546,0.991,1.419,2
0.912,0.534,3.305,1.416,2
0.924,0.524,3.249,1.417,2
0.927,0.522,3.250,1.443,2
0.929,0.543,2.680,1.415,2
0.941,0.529,2.642,1.450,2
0.915,0.529,3.288,1.412,2
0.904,0.542,2.680,1.453,2
0.904,0.541,3.263,1.415,2
0.942,0.526,2.683,1.424,2
0.918,0.539,3.261,1.436,2
0.931,0.516,3.311,1.410,2
0.906,0.515,3.256,1.409,2
0.932,0.522,3.251,1.422,2
0.944,0.522,3.245,1.447,2
0.932,0.515,1.024,1.422,2
0.906,0.521,1.007,1.446,2
0.945,0.520,3.242,1.421,2
0.920,0.512,2.664,1.446,2
0.934,0.518,0.993,1.434,2
0.934,0.524,1.049,1.434,2
0.946,0.530,1.035,1.408,2
0.943,0.529,2.636,1.449,2
0.942,0.521,2.637,1.438,2
0.651,0.519,2.657,1.438,2
0.627,0.510,2.657,1.412,2
0.947,0.508,2.640,1.447,2
0.909,0.498,2.641,1.441,2
0.947,0.510,2.700,1.441,2
0.935,0.494,2.664,1.442,2
0.922,0.506,2.704,1.443,2
0.922,0.497,1.557,1.456,2
0.909,0.496,2.710,1.440,2
0.946,0.493,2.674,1.432,2
0.904,0.497,1.534,0.838,2
0.916,0.488,1.491,0.834,2
0.918,0.493,1.543,0.846,2
0.942,0.497,2.231,0.577,2
0.929,0.474,1.488,0.565,2
0.902,0.493,2.686,0.585,2
0.940,0.492,1.583,0.538,2
0.942,0.469,2.672,0.546,2
0.914,0.489,1.548,0.595,2
0.928,0.491,1.524,0.549,2
0.905,0.492,1.496,0.519,2
0.908,0.487,1.489,0.528,2
0.919,0.465,1.489,0.521,2
0.918,0.486,1.487,0.513,2
0.891,0.478,1.547,0.521,2
0.890,0.482,1.543,0.548,2
0.903,0.494,1.473,0.500,2
0.905,0.531,1.470,0.521,2
0.894,0.558,1.465,0.490,2
0.896,0.475,1.460,0.489,2
1.003,0.472,1.517,0.512,1
0.921,0.472,1.498,0.500,2
0.953,0.472,1.498,0.486,1
0.974,0.472,1.460,0.486,2
0.943,0.476,1.498,0.473,2
0.921,0.489,1.498,0.472,2
0.915,0.496,1.498,0.471,2
0.974,0.489,1.460,0.470,2
0.961,0.516,1.498,0.482,2
0.917,0.556,1.522,0.480,2
0.917,0.556,1.464,0.480,2
0.917,0.551,1.525,0.492,2
0.929,0.571,1.474,0.465,2
0.929,0.893,1.509,0.493,2
0.920,0.520,1.468,0.464,2
0.907,1.066,1.507,0.471,2
0.910,0.502,1.461,0.495,2
0.920,0.497,1.462,0.468,2
0.956,0.501,1.460,0.479,2
3.335,0.503,1.499,0.489,1
3.320,0.519,1.521,0.450,1
3.362,0.872,1.484,0.448,0
3.352,0.874,1.503,0.485,0
3.326,0.866,1.524,0.460,0
3.363,0.855,1.466,0.461,0
3.323,0.861,1.505,0.449,0
3.345,0.857,1.525,0.453,0
3.322,0.862,1.471,0.474,0
3.325,0.545,1.494,0.470,0
3.303,0.855,1.537,0.508,0
3.293,0.847,1.504,0.533,0
3.278,0.837,1.529,0.547,0
3.259,0.828,1.536,0.524,0
3.268,0.824,1.504,0.567,0
3.248,0.822,1.550,0.558,0
3.195,0.814,1.538,0.589,0
3.217,0.800,1.545,0.607,0
3.194,0.788,1.591,0.639,0
1.078,0.781,1.599,0.671,0
3.117,0.774,1.549,0.653,0
3.100,0.780,1.557,0.698,0
3.114,0.758,1.565,0.718,0
3.082,0.765,1.611,0.739,0
3.036,0.747,1.581,0.759,0
0.973,0.757,1.646,0.766,0
2.995,0.750,1.597,0.799,0
0.912,0.728,1.643,0.819,2
2.981,0.735,1.670,0.826,0
2.962,0.742,1.621,0.858,0
2.955,0.732,1.647,0.889,0
2.899,0.714,1.692,0.895,0
2.894,0.709,1.680,0.886,0
2.891,0.708,1.648,0.915,0
2.862,0.703,1.654,0.956,0
2.846,0.678,1.661,0.947,0
2.816,0.682,1.686,0.988,0
2.800,0.694,1.673,0.992,0
2.809,0.674,1.699,0.996,0
2.792,0.673,1.705,1.000,0
2.774,0.661,1.712,1.043,0
2.757,0.662,1.757,1.048,0
2.726,0.655,1.765,1.065,0
2.696,0.635,1.734,1.071,0
2.678,0.647,1.741,1.101,0
2.660,0.644,1.786,1.106,0
2.643,0.620,1.754,1.161,0
2.625,0.631,1.780,1.167,0
2.606,0.617,1.788,1.172,0
2.626,0.611,1.757,1.203,0
2.596,0.601,1.783,1.195,0
2.551,0.605,1.828,1.214,0
2.532,0.578,1.816,1.233,0
2.539,0.578,1.804,1.289,0
2.532,0.572,1.812,1.297,0
2.476,0.569,1.819,1.289,0
2.483,0.566,1.807,1.346,0
2.438,0.575,1.814,1.364,0
2.458,0.566,1.879,1.383,0
2.427,0.554,1.886,1.376,0
2.382,0.527,1.893,1.408,0
2.401,0.521,1.843,1.438,0
2.358,0.530,1.888,1.445,0
2.011,0.511,1.896,1.464,1
1.996,0.504,1.884,1.469,1
2.301,0.518,1.910,1.500,1
2.308,0.508,1.879,1.519,1
2.252,0.514,1.924,1.524,1
2.272,0.527,1.930,1.553,1
2.219,0.526,1.936,1.543,1
2.241,0.558,1.961,1.596,0
1.972,0.590,1.928,1.611,0
1.958,0.533,1.952,1.587,1
2.159,0.532,1.976,1.626,0
2.162,0.518,1.961,1.612,1
1.944,0.509,1.985,1.624,1
2.149,0.524,1.932,1.636,1
1.901,0.517,1.993,1.660,1
1.875,0.622,1.960,1.658,0
1.853,0.508,2.002,1.670,1
2.093,0.622,2.006,1.719,0
2.079,0.648,1.992,1.730,0
2.083,0.607,1.978,1.717,0
2.055,0.627,1.964,1.729,0
2.072,0.640,2.007,1.766,0
2.032,0.587,2.012,1.779,0
2.006,0.564,2.018,1.753,0
2.006,0.549,2.023,1.766,0
1.980,0.549,2.047,1.792,0
1.991,1.475,2.032,1.830,3
1.963,1.474,2.018,1.820,3
1.959,1.466,2.041,1.861,3
1.929,1.466,2.027,1.840,3
1.935,1.456,2.031,1.896,3
1.918,1.446,2.072,1.902,3
1.887,1.444,2.075,1.932,3
1.881,1.448,2.041,1.913,3
1.838,1.445,2.064,1.956,3
1.821,1.456,2.087,1.986,3
1.817,1.449,2.033,1.991,3
1.811,1.439,2.094,1.996,3
1.756,1.444,2.097,2.039,3
1.766,1.442,1.875,2.055,3
1.751,1.447,1.822,2.059,3
1.711,1.425,1.859,2.047,3
1.736,1.430,1.820,2.059,3
1.730,1.439,1.806,2.090,3
1.703,1.434,1.801,2.078,3
1.715,1.446,1.780,2.104,3
1.726,1.439,1.755,2.093,3
1.723,1.442,1.734,2.083,3
1.713,1.431,1.732,2.109,3
1.706,1.452,1.787,2.110,3
1.694,1.431,1.728,2.074,3
1.696,1.439,1.745,2.101,3
1.679,1.453,1.781,2.089,3
1.694,1.445,1.723,2.104,3
1.665,1.453,1.782,2.079,3
1.667,1.446,1.798,2.081,3
1.663,1.453,1.739,2.109,3
1.681,1.453,1.771,2.098,3
1.669,1.440,1.731,2.113,3
1.680,1.440,1.788,2.101,3
1.634,1.447,1.768,2.102,3
1.633,1.433,1.786,2.129,3
1.633,1.447,1.766,2.092,3
1.610,1.454,1.748,2.131,3
1.623,1.441,1.853,2.120,3
1.610,1.447,1.857,2.122,3
1.596,1.434,1.743,2.136,3
1.621,1.441,1.743,2.137,3
1.607,1.459,1.741,2.101,3
1.623,1.460,1.695,2.103,3
1.631,1.440,1.728,2.130,3
1.466,0.761,1.707,2.131,0
1.503,0.752,1.724,2.136,0
1.500,0.761,1.684,2.125,0
1.487,0.751,1.720,2.114,0
1.460,0.741,1.737,2.141,0
1.469,0.752,1.696,2.116,0
1.459,0.745,1.735,2.154,0
1.471,0.764,1.733,2.118,0
1.473,0.754,1.692,2.133,0
1.482,0.752,1.693,2.160,0
1.469,0.748,1.672,2.122,0
1.582,1.484,1.671,2.123,3
1.556,0.753,1.690,2.137,0
1.467,0.768,1.671,2.125,0
1.465,0.754,1.723,2.153,0
1.614,0.749,1.663,2.159,0
1.488,0.761,1.676,2.148,0
1.469,0.755,1.658,2.174,0
1.493,0.756,1.672,2.164,0
1.451,0.764,1.688,2.172,0
1.450,0.758,1.651,2.168,0
1.468,0.751,1.650,2.159,0
1.451,0.759,1.687,2.171,0
1.476,0.770,1.667,2.186,0
1.491,0.750,1.663,2.147,0
1.445,0.765,1.679,2.162,0
1.446,0.753,1.694,2.163,0
1.468,0.778,1.649,2.167,0
1.442,0.771,1.640,2.207,0
1.432,0.791,1.629,2.200,0
1.448,0.797,1.617,2.231,0
1.399,0.789,1.585,2.226,0
1.427,5.034,1.590,2.210,3
1.379,2.689,1.614,2.240,3
1.406,2.684,1.543,2.242,3
1.373,2.667,1.566,2.236,3
1.363,2.670,1.512,2.280,3
1.364,1.368,1.553,2.259,3
1.392,1.324,1.499,2.348,3
1.356,1.311,1.521,2.335,3
1.337,1.315,1.468,2.364,3
1.351,1.315,1.437,2.390,3
1.357,1.288,1.493,2.367,3
1.278,1.285,1.478,2.419,3
1.274,1.203,1.423,2.396,3
1.276,1.205,1.441,2.450,3
1.266,1.194,1.378,2.438,3
1.268,1.197,1.408,2.477,3
1.233,1.207,1.338,2.465,3
1.211,1.221,1.327,2.497,3
1.224,1.220,1.316,2.382,3
1.202,0.981,1.306,2.357,3
1.221,0.981,1.295,3.495,3
1.174,0.999,1.343,2.546,3
1.203,1.224,1.281,2.399,3
1.173,1.218,1.310,2.406,3
1.184,1.226,1.278,3.531,3
1.148,1.220,1.268,2.608,3
1.121,1.216,1.279,2.442,3
1.137,1.239,1.234,2.449,3
1.100,2.525,1.283,3.604,3
1.119,1.041,1.257,2.628,3
1.109,1.036,1.217,2.476,3
1.110,1.044,1.249,2.486,3
1.097,1.049,1.224,2.482,3
1.070,1.043,1.252,2.450,3
1.070,1.082,1.209,2.487,3
1.046,1.070,1.186,2.340,3
1.012,1.054,1.201,2.512,3
1.022,1.053,1.180,2.516,3
0.983,1.023,1.215,2.539,3
1.008,1.035,1.212,2.536,3
0.995,1.065,1.171,2.378,3
0.981,1.066,1.189,2.388,3
0.971,1.067,1.208,2.554,2
0.946,1.084,1.213,2.399,2
0.901,2.609,0.986,2.597,2
0.899,2.607,1.215,2.633,2
0.898,4.455,1.180,2.622,2
0.858,3.770,0.957,2.622,2
0.888,5.041,0.931,2.656,2
0.863,1.052,0.952,2.659,2
0.883,1.068,0.996,2.512,2
0.898,1.061,1.000,2.654,2
0.900,1.068,1.005,2.496,2
0.900,1.047,0.948,2.532,2
0.888,1.043,1.005,2.640,2
0.889,1.046,1.211,2.652,2
0.901,1.023,1.189,2.639,2
0.889,1.005,1.193,2.455,2
0.859,0.996,1.210,2.651,2
0.872,1.006,1.211,2.637,2
0.885,1.004,1.213,2.650,2
0.872,0.999,1.252,2.452,2
0.859,1.005,1.254,2.647,2
0.873,0.999,1.238,2.624,2
0.886,0.998,0.948,2.637,2
0.887,0.996,1.005,2.662,2
0.875,0.990,0.970,2.445,2
0.888,0.988,1.208,2.483,2
0.900,0.975,1.228,2.452,2
0.874,0.970,1.229,2.680,2
0.860,0.975,1.231,2.448,2
0.860,0.966,1.233,2.500,2
0.859,0.978,1.273,2.659,2
0.872,0.979,1.241,2.650,2
0.859,0.978,1.243,5.064,2
0.900,0.969,1.227,2.685,2
0.876,0.983,1.248,2.671,2
0.862,0.985,1.287,2.690,2
0.896,0.960,1.229,3.767,2
0.884,0.972,1.231,3.727,2
0.857,0.948,1.252,2.693,2
0.894,0.968,1.293,3.726,2
0.856,0.955,1.258,2.715,2
0.859,1.057,1.246,3.766,2
0.885,1.054,1.268,2.717,2
0.884,1.038,1.308,2.698,2
0.870,1.050,1.309,3.734,2
0.890,0.964,1.308,3.746,2
0.863,0.946,1.291,3.758,2
0.888,1.019,1.286,3.787,2
0.875,0.898,1.307,2.753,2
0.862,0.874,1.322,4.505,2
0.857,0.860,1.340,0.953,2
1.263,0.878,1.290,4.459,0
0.960,0.867,1.302,0.961,2
0.848,0.857,1.285,1.016,2
0.872,0.847,1.288,1.015,2
0.887,1.007,1.288,0.999,2
0.849,1.024,1.326,1.024,2
0.888,0.874,1.289,0.943,2
0.873,1.006,1.328,0.940,2
0.888,1.019,1.313,0.935,2
0.870,0.878,1.321,0.937,2
0.882,0.876,1.716,0.930,2
0.901,0.876,1.364,0.925,2
0.938,0.840,1.776,0.924,2
0.947,0.833,1.753,0.946,2
0.921,0.834,1.387,0.919,2
1.276,0.839,1.333,0.956,0
1.289,0.823,1.374,0.918,0
1.277,0.820,1.358,0.955,0
1.303,0.818,1.330,0.933,0
1.277,0.810,1.329,0.947,0
1.276,0.824,1.385,0.933,0
1.260,0.823,1.352,0.922,0
1.292,0.828,1.388,0.928,0
1.271,0.818,1.363,0.937,0
1.248,0.821,1.698,0.964,0
1.260,0.801,1.847,0.998,0
1.221,0.802,1.821,0.975,0
1.230,0.789,1.311,0.993,0
1.213,0.796,1.291,1.023,0
1.157,0.775,1.257,1.066,0
1.152,0.761,1.809,1.084,0
1.146,0.754,1.262,1.091,0
1.115,0.754,1.220,1.083,0
1.121,0.746,1.142,1.102,0
1.077,0.753,1.139,1.147,0
1.083,0.746,1.182,1.166,0
1.063,0.731,1.144,1.159,0
1.006,0.723,1.061,1.217,0
1.024,0.715,1.066,1.198,0
1.005,0.708,1.060,1.215,0
0.920,0.686,1.066,1.275,2
0.891,0.692,1.002,1.279,2
0.887,0.677,1.018,1.302,2
0.927,0.663,0.983,1.332,2
0.860,0.669,0.946,1.312,2
0.866,0.666,0.929,1.364,2
0.878,0.655,0.918,1.354,2
0.860,0.642,0.892,1.315,2
0.850,0.644,0.938,1.362,2
0.841,0.637,0.985,1.371,2
0.881,0.645,0.968,1.369,2
0.884,0.645,0.930,1.381,2
0.842,0.644,0.933,1.357,2
0.869,0.658,1.680,1.357,2
0.881,0.632,1.672,1.357,2
0.843,0.639,1.739,1.343,2
0.843,0.645,1.701,1.343,2
0.869,0.651,1.699,1.355,2
0.856,0.636,1.743,1.342,2
0.869,0.648,1.685,1.354,2
0.856,0.639,1.705,1.379,2
0.881,0.623,1.750,1.367,2
0.843,0.635,1.721,1.341,2
0.843,0.616,1.764,1.363,2
0.881,0.618,1.747,1.363,2
0.870,0.624,0.970,1.378,2
0.883,0.615,1.753,1.378,2
0.884,0.606,0.993,1.366,2
0.885,0.622,1.738,1.354,2
0.872,0.600,1.761,1.358,2
0.884,0.621,1.742,1.383,2
0.859,0.614,1.726,1.357,2
0.884,0.607,1.707,1.377,2
0.872,0.621,1.743,1.377,2
0.859,0.606,1.763,5.051,2
0.846,0.623,1.706,5.051,2
0.873,0.622,1.745,5.038,2
0.885,0.613,1.728,5.038,2
0.847,0.608,1.710,5.064,2
0.873,0.613,1.725,5.038,2
0.860,0.612,1.784,1.258,2
0.873,0.596,1.748,1.225,2
0.884,0.601,1.731,1.240,2
0.860,0.599,1.799,1.226,2
0.885,0.604,1.778,1.212,2
0.885,0.583,1.801,1.253,2
0.873,0.590,1.802,1.241,2
0.873,0.590,1.768,1.215,2
0.873,0.603,1.790,1.215,2
0.884,0.603,2.472,1.259,2
0.859,0.584,2.145,0.724,2
0.858,0.602,1.468,5.076,2
0.844,0.600,1.479,5.051,2
0.870,0.587,1.459,5.064,2
0.869,0.577,1.761,5.064,2
0.868,0.593,2.459,1.219,2
0.842,0.577,2.480,1.237,2
0.841,0.568,2.523,1.214,2
0.841,0.584,2.468,1.236,2
0.858,0.586,2.493,0.661,2
0.858,0.563,2.638,0.679,2
0.856,0.576,2.970,0.646,2
0.839,0.626,2.942,0.657,2
0.863,0.598,3.050,0.652,2
0.873,0.570,2.953,0.648,2
0.834,0.573,2.955,0.655,2
0.846,0.572,2.938,0.639,2
0.858,0.561,2.978,0.606,2
0.832,0.644,2.943,0.646,2
0.845,0.876,2.927,0.599,2
0.860,0.845,1.449,0.614,2
0.856,0.744,1.389,0.608,2
0.872,0.606,1.424,0.604,2
0.846,0.694,1.444,0.602,2
0.871,0.596,1.416,0.613,2
0.862,0.885,1.426,0.564,2
0.877,0.590,1.453,0.592,2
0.882,0.604,1.390,0.583,2
0.864,0.596,1.407,0.578,2
1.748,0.592,1.446,0.546,0
1.764,0.594,1.410,0.568,0
1.027,0.803,1.431,0.540,0
1.020,0.810,1.433,0.553,0
1.763,0.802,1.453,0.579,0
1.739,0.801,1.453,0.542,0
1.748,0.808,1.434,0.582,0
1.746,0.798,1.396,0.571,0
1.729,0.796,1.436,0.575,0
1.760,0.807,1.401,0.556,0
1.025,0.807,1.404,0.566,0
1.000,0.796,1.466,0.615,0
0.996,0.797,1.414,0.628,0
0.965,0.786,1.457,0.631,0
1.654,0.779,1.464,0.634,0
1.675,0.776,1.432,0.675,0
1.632,0.756,1.477,0.693,0
1.638,0.760,1.464,0.699,0
1.609,0.749,1.490,0.705,0
0.933,0.742,1.516,0.737,2
0.963,0.738,1.467,0.730,2
1.561,0.717,1.473,0.775,0
1.520,0.727,1.518,0.795,0
1.483,0.723,1.525,0.801,0
0.933,0.695,1.513,0.832,2
0.912,0.685,1.500,0.861,2
1.434,0.679,1.527,0.839,0
0.932,0.694,1.514,0.893,2
1.437,0.681,1.520,0.908,0
1.396,0.682,1.582,0.897,0
1.412,0.680,1.569,0.922,0
1.383,0.681,1.533,0.936,0
1.393,0.663,1.574,0.911,0
1.379,0.692,1.593,0.926,0
1.376,0.677,1.555,0.916,0
1.373,0.662,1.576,0.918,0
0.925,0.661,1.542,0.946,2
1.355,0.653,1.540,0.910,0
1.391,0.652,1.597,0.925,0
1.393,0.673,1.579,0.938,0
1.352,0.678,1.545,0.926,0
1.376,0.675,1.542,0.928,0
1.350,0.660,1.565,0.931,0
1.345,0.670,1.585,0.920,0
1.380,0.652,1.580,0.923,0
1.365,0.648,1.587,0.952,0
1.375,0.668,1.582,0.953,0
1.361,0.660,1.634,0.942,0
1.372,0.666,1.576,0.969,0
1.370,0.652,1.655,0.971,0
1.343,0.658,1.626,0.973,0
1.351,0.657,1.656,0.963,0
1.326,0.656,1.638,0.965,0
1.359,0.656,1.598,0.967,0
1.330,0.664,1.659,0.970,0
1.327,0.645,1.636,0.989,0
1.343,0.653,1.659,0.960,0
0.923,0.632,1.604,0.997,2
0.909,0.628,1.628,0.984,2
1.265,0.636,1.637,1.037,0
1.284,0.631,1.606,1.028,0
1.243,0.632,1.600,1.069,0
0.900,0.610,1.670,1.046,2
1.223,0.623,1.684,1.099,0
1.209,0.605,1.652,1.113,0
1.173,0.595,1.696,1.130,0
1.173,0.588,1.663,1.118,0
1.147,0.584,1.707,1.153,0
1.161,0.600,1.675,1.156,0
0.858,0.586,1.718,1.143,2
0.831,0.588,1.744,1.170,2
0.635,0.584,1.719,1.172,2
1.079,0.568,1.726,1.200,0
0.638,0.556,1.733,1.202,2
0.862,0.544,1.811,1.242,2
0.879,0.561,3.278,1.268,2
1.026,0.536,1.801,1.266,0
0.818,0.544,1.863,1.265,2
0.827,0.534,1.863,1.269,2
0.801,0.547,1.813,1.281,2
0.824,0.526,1.816,1.268,2
0.824,0.533,1.817,1.255,2
0.838,0.532,1.785,1.255,2
1.057,0.524,1.745,1.293,0
1.060,0.545,1.787,1.268,0
1.011,0.537,3.287,1.255,0
1.048,0.543,3.251,1.293,0
1.022,0.528,3.270,1.282,0
1.034,0.528,3.232,1.258,0
1.044,0.528,3.251,1.272,0
1.005,0.535,3.251,1.260,0
1.041,0.535,3.271,1.262,0
1.000,0.520,3.252,1.279,0
0.990,0.540,3.235,1.273,0
1.020,0.518,3.256,1.309,0
0.934,0.531,3.295,1.321,2
0.942,0.536,3.297,1.325,2
0.958,0.535,3.283,1.362,1
0.957,0.520,1.892,1.366,2
0.915,0.518,3.306,1.395,2
0.931,0.523,1.844,1.401,2
0.907,0.530,1.890,1.167,2
0.883,0.529,3.312,1.438,2
0.912,0.521,3.295,1.412,2
0.899,0.513,1.998,1.428,2
0.887,0.511,1.994,1.440,2
0.913,0.510,2.047,1.441,2
0.888,0.503,1.993,1.441,2
0.875,0.502,1.993,1.428,2
0.888,0.516,1.993,1.203,2
0.875,0.508,2.028,1.456,2
0.878,0.500,1.990,1.204,2
0.907,0.513,3.301,1.185,2
1.526,0.511,3.264,1.170,1
1.176,0.517,1.854,1.201,1
1.187,0.508,1.870,1.152,1
1.161,0.507,1.872,1.178,1
1.156,0.513,1.870,1.190,1
1.141,0.499,1.852,1.179,1
1.144,0.499,1.833,1.166,1
1.157,0.499,1.871,1.166,1
1.166,0.499,1.871,1.167,1
1.178,0.506,1.814,1.180,1
1.180,0.492,1.852,1.184,1
1.154,0.506,1.872,1.157,1
1.170,0.506,1.835,1.163,1
1.137,0.514,1.874,1.133,1
1.565,0.507,1.876,1.160,1
1.532,0.494,1.877,1.123,1
1.551,0.509,1.860,0.635,1
1.556,0.503,1.862,0.605,1
1.507,0.498,1.826,0.606,1
1.525,0.507,1.887,0.607,1
1.521,0.522,1.831,0.645,1
1.524,0.517,1.871,1.037,1
1.488,0.504,1.838,1.023,1
1.479,0.513,1.859,1.042,1
1.496,0.529,2.106,0.640,1
1.451,0.517,1.888,0.638,1
1.458,0.526,1.890,0.630,1
1.462,0.528,1.853,1.090,1
1.428,0.538,1.651,1.329,0
1.354,0.526,1.713,1.347,0
1.343,0.529,1.700,1.331,0
1.338,0.524,1.674,0.894,0
1.435,0.535,1.725,0.929,0
1.388,0.553,1.753,1.140,0
1.416,0.557,1.747,1.387,0
1.406,0.548,1.780,1.389,0
1.383,0.554,1.773,0.991,0
1.345,0.553,1.770,1.004,0
1.334,0.573,1.770,0.992,0
1.349,0.572,1.784,0.989,0
1.343,0.572,1.824,1.010,0
1.300,0.600,1.876,1.027,0
1.272,0.607,1.877,1.089,0
1.289,0.614,1.893,1.110,0
1.241,0.614,1.912,1.577,0
1.222,0.628,1.922,1.581,0
1.162,0.621,1.971,1.592,0
1.168,0.628,2.005,1.637,0
1.120,0.628,2.002,1.009,0
1.100,0.643,1.963,1.056,0
1.095,0.643,2.021,1.061,0
1.101,0.650,2.028,1.714,0
1.057,0.671,2.203,1.696,0
1.037,0.672,2.112,1.743,0
1.005,0.679,2.090,1.686,0
0.986,0.693,2.203,1.799,0
1.005,0.698,2.313,1.694,0
0.962,0.709,3.098,1.717,0
0.958,0.716,3.114,1.760,2
0.913,0.710,3.066,1.700,2
0.921,0.723,3.061,1.704,2
0.876,0.710,3.092,1.709,2
0.874,0.711,3.083,1.926,2
1.156,0.734,3.039,1.749,0
1.140,0.714,3.093,1.256,0
1.507,0.724,3.069,1.199,0
1.492,0.736,2.335,1.197,0
1.497,0.736,2.376,1.179,0
1.483,0.730,3.052,1.227,0
1.507,0.738,3.070,1.189,0
1.504,0.718,3.088,1.232,0
1.489,0.740,3.087,1.222,0
1.475,0.719,3.086,1.178,0
1.512,0.733,3.086,1.205,0
1.495,0.734,3.086,1.180,0
1.479,0.728,3.028,1.199,0
1.499,0.744,3.083,1.194,0
1.133,0.733,3.042,1.246,0
1.124,0.729,3.020,1.246,0
1.118,0.734,3.053,0.842,0
1.083,0.747,3.047,1.185,0
1.103,0.760,3.003,1.764,0
1.070,0.774,3.054,1.832,0
1.049,0.767,3.028,1.868,0
0.744,0.774,3.002,1.861,2
0.710,0.789,2.976,1.905,2
0.690,0.804,2.987,1.924,2
0.661,0.811,2.961,1.906,2
0.658,0.798,2.973,1.941,2
0.652,0.805,2.966,1.381,2
0.630,0.808,2.998,1.422,2
0.606,0.803,2.936,2.223,2
0.587,0.796,2.974,1.802,2
0.601,0.808,2.957,1.660,2
0.630,0.808,2.940,1.646,2
0.608,0.791,2.943,1.613,2
0.615,0.804,3.001,1.651,2
0.646,0.789,3.002,1.629,2
0.646,0.796,2.945,1.651,2
1.063,0.788,3.003,1.623,0
1.047,0.788,2.492,1.616,0
1.034,0.794,2.948,1.597,0
1.059,0.786,3.005,5.051,0
1.073,0.807,3.004,1.629,0
1.047,0.807,2.947,1.623,0
1.029,0.807,3.003,1.629,0
1.037,0.792,2.962,1.671,0
1.055,0.791,2.959,1.195,0
1.007,0.783,2.953,1.205,0
1.021,0.793,2.984,1.661,0
0.981,0.799,2.920,1.857,0
1.005,0.809,2.972,1.601,0
0.978,0.795,2.942,5.051,0
0.950,0.812,2.952,5.051,2
0.934,0.791,2.905,1.592,2
0.904,0.790,2.895,1.646,2
0.925,0.798,2.867,1.652,2
0.884,0.792,2.896,1.624,2
0.881,0.807,2.906,1.660,2
0.841,0.787,2.841,1.651,2
0.851,0.802,2.854,1.312,2
0.833,0.809,2.872,1.658,2
0.834,0.810,2.837,1.672,2
0.848,0.802,2.877,1.010,2
0.862,0.797,2.877,1.005,2
0.824,0.795,2.858,1.018,2
0.836,0.808,2.858,1.005,2
0.836,0.902,2.878,1.013,2
0.835,0.911,2.841,0.987,2
0.860,0.897,2.395,0.985,2
0.847,0.896,2.415,0.969,2
0.819,0.805,2.877,0.954,2
0.818,0.807,2.900,0.936,2
0.855,0.801,2.249,5.076,2
0.842,0.781,2.191,4.339,2
0.828,0.776,2.250,1.009,2
0.841,0.781,2.220,0.975,2
0.841,0.780,2.225,0.924,2
0.816,0.768,2.245,0.957,2
0.842,0.788,2.245,0.943,2
0.832,0.781,2.858,0.955,2
0.832,0.788,2.861,0.926,2
0.856,0.780,2.241,0.938,2
0.850,0.418,2.211,0.920,2
1.633,0.413,2.759,0.906,1
0.905,0.401,2.737,0.917,2
0.847,0.392,2.756,0.915,2
0.842,0.391,2.719,0.938,2
0.853,0.407,2.701,0.913,2
0.852,0.384,2.928,0.929,2
0.851,0.393,2.818,0.965,2
0.828,0.409,2.707,0.938,2
0.831,0.780,2.934,0.922,2
0.835,0.770,2.721,0.920,2
1.859,0.398,2.703,0.916,1
1.838,0.395,2.518,0.902,1
1.850,0.379,2.707,0.890,1
1.021,0.370,2.747,0.928,1
1.860,0.370,2.767,0.891,1
0.987,0.370,2.710,0.905,1
1.019,0.377,2.726,0.930,1
1.871,0.384,2.706,0.918,1
1.833,0.391,2.729,0.930,1
1.015,0.377,2.768,0.931,1
1.002,0.384,2.749,0.893,1
1.002,0.370,2.711,0.919,1
1.008,0.391,2.746,0.907,1
0.991,0.370,2.746,0.894,1
0.972,0.384,2.728,0.907,1
0.975,0.384,2.769,0.920,1
0.988,0.377,2.750,0.932,1
0.997,0.391,2.712,0.920,1
1.000,0.391,2.769,0.932,1
1.012,0.377,2.766,0.894,1
1.012,0.377,2.754,0.932,1
0.974,0.377,2.713,0.898,1
1.008,0.377,2.729,0.898,1
1.000,0.384,2.751,0.924,1
0.983,0.380,2.735,0.933,1
1.010,0.380,2.714,0.923,1
0.982,0.764,2.735,0.916,0
0.988,0.784,2.768,0.918,0
0.954,0.784,2.774,0.940,0
0.986,0.767,2.739,0.930,0
0.954,0.767,2.743,0.939,0
0.945,0.760,2.785,0.954,2
0.938,0.746,2.270,0.970,2
1.756,0.417,2.264,0.966,1
1.769,0.398,2.224,0.947,1
2.734,0.392,2.201,0.979,1
2.747,0.418,2.215,1.000,1
2.749,0.430,2.765,0.971,1
2.736,0.733,2.808,1.005,0
2.724,0.729,2.831,1.001,0
2.701,0.718,2.818,0.994,0
2.664,0.714,2.840,1.040,0
2.693,0.501,2.786,1.047,1
2.685,0.701,2.846,1.043,0
2.663,0.481,2.199,1.065,1
2.663,0.496,2.188,0.976,1
2.631,0.703,2.125,0.984,0
2.627,0.692,2.108,1.007,0
2.629,0.689,2.135,1.010,0
2.577,0.671,2.148,1.009,0
1.537,0.688,2.169,1.035,0
1.519,0.678,2.140,1.062,0
1.517,0.552,2.138,1.089,0
1.526,0.561,2.133,1.079,0
1.506,0.653,2.127,1.096,0
1.491,0.667,2.117,1.138,0
1.448,0.609,2.106,1.183,0
1.443,0.618,2.093,0.609,0
1.436,0.633,2.052,0.633,0
1.409,0.655,2.873,0.670,0
1.402,0.638,2.897,0.674,0
1.345,0.648,2.093,0.660,0
2.352,0.623,2.105,0.689,0
2.305,0.626,2.866,0.731,0
2.297,0.629,2.159,0.738,0
2.276,0.625,2.210,0.766,0
2.269,0.619,2.904,0.741,0
2.223,0.623,2.137,0.770,0
2.241,0.606,2.936,0.802,0
2.210,0.598,2.917,0.829,0
2.203,0.616,2.138,0.833,0
2.173,0.606,2.894,0.859,0
2.141,0.610,2.881,0.849,0
2.135,0.607,2.828,0.877,0
2.090,0.597,2.240,0.903,0
2.097,0.593,2.213,0.919,0
2.065,0.597,2.215,0.896,0
2.072,0.594,2.779,0.949,0
2.028,0.590,2.141,0.963,0
2.022,0.587,1.950,0.966,0
2.004,0.569,1.919,0.955,0
1.959,0.558,1.956,0.969,0
1.954,0.568,1.918,1.009,0
1.961,0.571,2.019,1.023,0
0.657,0.554,1.970,1.025,2
0.639,0.543,1.946,1.053,2
0.648,0.546,1.947,1.067,2
0.615,0.549,1.946,1.082,2
0.640,0.531,1.962,1.107,2
0.649,0.541,1.908,1.082,2
0.607,0.531,1.923,1.121,2
0.855,0.534,1.924,1.115,2
0.878,0.518,1.926,1.139,2
0.879,0.517,1.943,1.109,2
0.867,0.524,1.947,1.114,2
0.867,0.523,1.928,1.113,2
0.854,0.530,1.909,1.128,2
0.841,0.523,1.910,1.150,2
0.841,0.536,1.870,1.161,2
0.867,0.514,1.930,1.121,2
0.881,0.513,1.930,1.129,2
1.619,0.519,1.942,1.103,1
1.581,0.525,1.978,1.089,1
1.610,0.510,2.061,1.110,1
1.831,0.516,2.119,1.096,1
1.819,0.530,2.007,1.083,1
1.830,0.509,2.064,1.122,1
1.805,0.516,2.032,1.122,1
1.793,0.530,2.084,1.084,1
1.805,0.509,2.065,1.097,1
1.829,0.508,2.007,1.123,1
1.814,0.508,2.035,1.125,1
1.810,0.514,2.005,1.103,1
0.628,0.514,2.093,1.133,2
0.629,0.527,1.975,1.138,2
0.667,0.527,2.007,1.144,2
1.792,0.504,1.967,1.114,1
1.783,0.517,1.984,1.121,1
1.762,0.502,1.934,1.154,1
1.729,0.501,1.949,1.147,1
1.761,0.500,1.909,1.178,1
1.742,0.521,1.908,1.146,1
1.547,0.514,1.904,1.165,1
1.740,0.507,1.959,1.197,1
1.530,0.508,1.957,1.166,1
1.501,0.501,1.936,1.200,1
1.474,0.502,1.934,1.208,1
1.467,0.503,1.950,1.217,1
1.482,0.505,1.890,1.241,1
